<?xml version="1.0" encoding="utf-8"?>
<TextureAtlas imagePath="discord.png">
	<SubTexture name="purple0000" x="110" y="0" width="112" height="107" frameX="-17" frameY="-2" frameWidth="112" frameHeight="108"/>
	<SubTexture name="purple hold end0000" x="0" y="114" width="52" height="66" frameX="0" frameY="0" frameWidth="50" frameHeight="64"/>
	<SubTexture name="purple hold piece0000" x="52" y="114" width="52" height="46" frameX="0" frameY="0" frameWidth="50" frameHeight="44"/>
	<SubTexture name="blue0000" x="0" y="0" width="110" height="114" frameX="-18" frameY="-2" frameWidth="109" frameHeight="114"/>
	<SubTexture name="blue hold end0000" x="0" y="114" width="52" height="66" frameX="0" frameY="0" frameWidth="50" frameHeight="64"/>
	<SubTexture name="blue hold piece0000" x="52" y="114" width="52" height="46" frameX="0" frameY="0" frameWidth="50" frameHeight="44"/>
	<SubTexture name="green0000" x="110" y="0" width="112" height="107" frameX="-17" frameY="-2" frameWidth="112" frameHeight="108"/>
	<SubTexture name="green hold end0000" x="0" y="114" width="52" height="66" frameX="0" frameY="0" frameWidth="50" frameHeight="64"/>
	<SubTexture name="green hold piece0000" x="52" y="114" width="52" height="46" frameX="0" frameY="0" frameWidth="50" frameHeight="44"/>
	<SubTexture name="red0000" x="0" y="0" width="110" height="114" frameX="-18" frameY="-2" frameWidth="109" frameHeight="114"/>
	<SubTexture name="red hold end0000" x="0" y="114" width="52" height="66" frameX="0" frameY="0" frameWidth="50" frameHeight="64"/>
	<SubTexture name="red hold piece0000" x="52" y="114" width="52" height="46" frameX="0" frameY="0" frameWidth="50" frameHeight="44"/>
</TextureAtlas>
