{"healthicon":"bf","image":"characters\/BOYFRIEND_DEAD","healthbar_colors":[49,176,209],"camera_position":[0,0],"animations":[{"indices":[],"offsets":[37,11],"loop":false,"fps":24,"name":"BF dies","anim":"firstDeath"},{"indices":[],"offsets":[37,5],"loop":true,"fps":24,"name":"BF Dead Loop","anim":"deathLoop"},{"indices":[],"offsets":[37,69],"loop":false,"fps":24,"name":"BF Dead confirm","anim":"deathConfirm"}],"flip_x":true,"sing_duration":4,"no_antialiasing":false,"scale":1,"position":[0,350]}