{"healthicon":"cass","image":"characters\/cassDiscord","healthbar_colors":[246,57,125],"camera_position":[-110,110],"animations":[{"indices":[],"offsets":[0,0],"loop":false,"fps":24,"name":"left","anim":"singLEFT"},{"indices":[],"offsets":[0,0],"loop":false,"fps":24,"name":"down","anim":"singDOWN"},{"indices":[],"offsets":[0,0],"loop":false,"fps":24,"name":"up","anim":"singUP"},{"indices":[],"offsets":[0,0],"loop":false,"fps":24,"name":"right","anim":"singRIGHT"},{"indices":[],"offsets":[0,0],"loop":false,"fps":24,"name":"idle","anim":"idle"}],"flip_x":false,"sing_duration":6.1,"no_antialiasing":false,"scale":0.9,"position":[100,50]}