{"healthicon":"dusgee","image":"characters\/DADDY_DEAREST","healthbar_colors":[175,102,206],"camera_position":[0,0],"animations":[{"indices":[],"offsets":[-9,10],"loop":false,"fps":24,"name":"Dad Sing Note LEFT","anim":"singLEFT"},{"indices":[],"offsets":[0,-30],"loop":false,"fps":24,"name":"Dad Sing Note DOWN","anim":"singDOWN"},{"indices":[],"offsets":[-6,50],"loop":false,"fps":24,"name":"Dad Sing Note UP","anim":"singUP"},{"indices":[],"offsets":[0,27],"loop":false,"fps":24,"name":"Dad Sing Note RIGHT","anim":"singRIGHT"},{"indices":[],"offsets":[0,0],"loop":false,"fps":24,"name":"Dad idle dance","anim":"idle"}],"flip_x":false,"sing_duration":6.1,"no_antialiasing":false,"scale":1,"position":[0,0]}