{
	"animations": [
		{
			"loop": false,
			"offsets": [
				0,
				0
			],
			"anim": "danceRight",
			"fps": 24,
			"name": "k3 idle",
			"indices": [
				16,
				17,
				18,
				19,
				20,
				21,
				22,
				23,
				24,
				25,
				26,
				27
			]
		},
		{
			"loop": false,
			"offsets": [
				0,
				0
			],
			"anim": "danceLeft",
			"fps": 24,
			"name": "k3 idle",
			"indices": [
				0,
				1,
				2,
				3,
				4,
				5,
				6,
				7,
				8,
				9,
				10,
				11,
				12,
				13,
				14,
				15
			]
		},
		{
			"loop": false,
			"offsets": [
				0,
				0
			],
			"anim": "clap",
			"fps": 24,
			"name": "k3 clap and stuff",
			"indices": [
				11,
				12,
				13,
				14,
				15,
				16
			]
		},
		{
			"loop": false,
			"offsets": [
				0,
				0
			],
			"anim": "fullClap",
			"fps": 24,
			"name": "k3 clap and stuff",
			"indices": [
				0,
				1,
				2,
				3,
				4,
				5,
				6,
				7,
				8,
				9,
				10,
				11,
				12,
				13,
				14,
				15,
				16
			]
		},
		{
			"loop": false,
			"offsets": [
				0,
				0
			],
			"anim": "beforeClap",
			"fps": 24,
			"name": "k3 clap and stuff",
			"indices": [
				0,
				1,
				2,
				3,
				4,
				5,
				6,
				7
			]
		},
		{
			"loop": false,
			"offsets": [
				0,
				0
			],
			"anim": "pullOut",
			"fps": 24,
			"name": "k3 clap and stuff",
			"indices": [
				17,
				18,
				19,
				20,
				21,
				22,
				23,
				24,
				25,
				26,
				27,
				28,
				29,
				30,
				31,
				32,
				33,
				34,
				35,
				36,
				37,
				38,
				39,
				40,
				41,
				42,
				43,
				44,
				45,
				46,
				47,
				48,
				49,
				50,
				51,
				52,
				53,
				54
			]
		}
	],
	"no_antialiasing": false,
	"image": "characters/k3mc",
	"position": [
		-250,
		-60
	],
	"healthicon": "bf",
	"flip_x": false,
	"healthbar_colors": [
		49,
		176,
		209
	],
	"camera_position": [
		0,
		0
	],
	"sing_duration": 8.1,
	"scale": 1
}