{"healthicon":"bf","image":"characters/k3mc","healthbar_colors":[49,176,209],"camera_position":[0,0],"animations":[{"indices":[16,17,18,19,20,21,22,23,24,25,26,27],"offsets":[0,0],"loop":false,"fps":24,"name":"k3 idle","anim":"danceRight"},{"indices":[0,1,2,3,4,5,6,7,8,9,10,11,12,13,14,15],"offsets":[0,0],"loop":false,"fps":24,"name":"k3 idle","anim":"danceLeft"},{"indices":[11,12,13,14,15,16],"offsets":[0,0],"loop":false,"fps":24,"name":"k3 clap and stuff","anim":"clap"},{"indices":[0,1,2,3,4,5,6,7,8,9,10,11,12,13,14,15,16],"offsets":[0,0],"loop":false,"fps":24,"name":"k3 clap and stuff","anim":"fullClap"},{"indices":[0,1,2,3,4,5,6,7],"offsets":[0,0],"loop":false,"fps":24,"name":"k3 clap and stuff","anim":"beforeClap"},{"indices":[17,18,19,20,21,22,23,24,25,26,27,28,29,30,31,32,33,34,35,36,37,38,39,40,41,42,43,44,45,46,47,48,49,50,51,52,53,54],"offsets":[0,0],"loop":false,"fps":24,"name":"k3 clap and stuff","anim":"pullOut"}],"flip_x":false,"sing_duration":8.1,"no_antialiasing":false,"scale":1,"position":[-250,-60]}