{"healthicon":"lonley","image":"characters\/LonliObbyAssets","healthbar_colors":[75,75,147],"camera_position":[0,0],"animations":[{"indices":[],"offsets":[0,0],"loop":false,"fps":24,"name":"lonli idle","anim":"idle"},{"indices":[],"offsets":[101,18],"loop":false,"fps":24,"name":"lonli left","anim":"singLEFT"},{"indices":[],"offsets":[70,0],"loop":false,"fps":24,"name":"lonli down","anim":"singDOWN"},{"indices":[],"offsets":[51,35],"loop":false,"fps":24,"name":"lonli up","anim":"singUP"},{"indices":[],"offsets":[-15,11],"loop":false,"fps":24,"name":"lonli right","anim":"singRIGHT"},{"indices":[],"offsets":[28,17],"loop":false,"fps":24,"name":"lonli miss left","anim":"singLEFTmiss"},{"indices":[],"offsets":[27,-1],"loop":false,"fps":24,"name":"lonli miss down","anim":"singDOWNmiss"},{"indices":[],"offsets":[-13,34],"loop":false,"fps":24,"name":"lonli miss up","anim":"singUPmiss"},{"indices":[],"offsets":[-15,10],"loop":false,"fps":24,"name":"lonli miss right","anim":"singRIGHTmiss"}],"flip_x":false,"sing_duration":4,"no_antialiasing":true,"scale":1,"position":[0,0]}