{"healthicon":"lonley","image":"characters/BOYFRIEND","healthbar_colors":[75,75,147],"camera_position":[0,0],"animations":[{"indices":[],"offsets":[-5,0],"loop":false,"fps":24,"name":"BF idle dance","anim":"idle"},{"indices":[],"offsets":[5,-6],"loop":false,"fps":24,"name":"BF NOTE LEFT0","anim":"singLEFT"},{"indices":[],"offsets":[-20,-51],"loop":false,"fps":24,"name":"BF NOTE DOWN0","anim":"singDOWN"},{"indices":[],"offsets":[-46,27],"loop":false,"fps":24,"name":"BF NOTE UP0","anim":"singUP"},{"indices":[],"offsets":[-48,-7],"loop":false,"fps":24,"name":"BF NOTE RIGHT0","anim":"singRIGHT"},{"indices":[],"offsets":[7,19],"loop":false,"fps":24,"name":"BF NOTE LEFT MISS","anim":"singLEFTmiss"},{"indices":[],"offsets":[-15,-19],"loop":false,"fps":24,"name":"BF NOTE DOWN MISS","anim":"singDOWNmiss"},{"indices":[],"offsets":[-46,27],"loop":false,"fps":24,"name":"BF NOTE UP MISS","anim":"singUPmiss"},{"indices":[],"offsets":[-44,22],"loop":false,"fps":24,"name":"BF NOTE RIGHT MISS","anim":"singRIGHTmiss"},{"indices":[],"offsets":[-3,5],"loop":false,"fps":24,"name":"BF HEY","anim":"hey"},{"indices":[],"offsets":[14,18],"loop":false,"fps":24,"name":"BF hit","anim":"hurt"},{"indices":[],"offsets":[-4,0],"loop":true,"fps":24,"name":"BF idle shaking","anim":"scared"},{"indices":[],"offsets":[-10,-16],"loop":false,"fps":24,"name":"boyfriend dodge","anim":"dodge"},{"indices":[],"offsets":[294,267],"loop":false,"fps":24,"name":"boyfriend attack","anim":"attack"},{"indices":[],"offsets":[-40,-40],"loop":false,"fps":24,"name":"bf pre attack","anim":"pre-attack"}],"flip_x":true,"sing_duration":4,"no_antialiasing":false,"scale":1,"position":[0,350]}