{"healthicon":"lonli","image":"characters/lonliDiscord","healthbar_colors":[92,109,188],"camera_position":[-110,110],"animations":[{"indices":[],"offsets":[0,7],"loop":false,"fps":24,"name":"left","anim":"singLEFT"},{"indices":[],"offsets":[0,14],"loop":false,"fps":24,"name":"down","anim":"singDOWN"},{"indices":[],"offsets":[0,0],"loop":false,"fps":24,"name":"up","anim":"singUP"},{"indices":[],"offsets":[0,4],"loop":false,"fps":24,"name":"right","anim":"singRIGHT"},{"indices":[],"offsets":[0,0],"loop":false,"fps":30,"name":"idle","anim":"idle"},{"indices":[],"offsets":[0,0],"loop":false,"fps":15,"name":"alt idle","anim":"idle-alt"},{"indices":[],"offsets":[0,0],"loop":false,"fps":15,"name":"alt left","anim":"singLEFT-alt"},{"indices":[],"offsets":[0,0],"loop":false,"fps":15,"name":"alt down","anim":"singDOWN-alt"},{"indices":[],"offsets":[0,-1],"loop":false,"fps":15,"name":"alt up","anim":"singUP-alt"},{"indices":[],"offsets":[0,0],"loop":false,"fps":15,"name":"alt right","anim":"singRIGHT-alt"},{"indices":[],"offsets":[0,48],"loop":false,"fps":24,"name":"miss","anim":"singLEFTmiss"},{"indices":[],"offsets":[0,48],"loop":false,"fps":24,"name":"miss","anim":"singDOWNmiss"},{"indices":[],"offsets":[0,48],"loop":false,"fps":24,"name":"miss","anim":"singUPmiss"},{"indices":[],"offsets":[0,48],"loop":false,"fps":24,"name":"miss","anim":"singRIGHTmiss"},{"indices":[],"offsets":[-200,48],"loop":true,"fps":24,"name":"miss","anim":"deathLoop"},{"indices":[],"offsets":[-200,0],"loop":false,"fps":30,"name":"idle","anim":"deathConfirm"},{"indices":[],"offsets":[-200,14],"loop":false,"fps":24,"name":"down","anim":"firstDeath"}],"flip_x":false,"sing_duration":6.1,"no_antialiasing":false,"scale":1.2,"position":[40,80]}