{"healthicon":"bf","image":"characters/lonliMC","healthbar_colors":[49,176,209],"camera_position":[0,0],"animations":[{"indices":[],"offsets":[0,0],"loop":false,"fps":24,"name":"lonli idle","anim":"idle"},{"indices":[],"offsets":[0,0],"loop":false,"fps":24,"name":"lonli right","anim":"singRIGHT"},{"indices":[],"offsets":[0,0],"loop":false,"fps":24,"name":"lonli left","anim":"singLEFT"},{"indices":[],"offsets":[0,0],"loop":false,"fps":24,"name":"lonli down","anim":"singDOWN"},{"indices":[],"offsets":[0,0],"loop":false,"fps":24,"name":"lonli up","anim":"singUP"}],"flip_x":true,"sing_duration":8.1,"no_antialiasing":false,"scale":1,"position":[-1180,-80]}