<?xml version='1.0' encoding='utf-8'?>
<TextureAtlas imagePath="DuskyAssets.png">
<SubTexture name="idle0000" x="0" y="2450" width="975" height="796" frameX="0" frameY="0" frameWidth="973" frameHeight="794" />
<SubTexture name="down0000" x="0" y="3246" width="1046" height="733" frameX="-1" frameY="-14" frameWidth="1045" frameHeight="745" />
<SubTexture name="down0001" x="1950" y="2450" width="1032" height="747" frameX="-7" frameY="0" frameWidth="1045" frameHeight="745" />
<SubTexture name="left0000" x="1590" y="0" width="825" height="812" frameX="0" frameY="0" frameWidth="869" frameHeight="810" />
<SubTexture name="left0001" x="825" y="830" width="838" height="810" frameX="-33" frameY="-2" frameWidth="869" frameHeight="810" />
<SubTexture name="right0000" x="1712" y="1642" width="999" height="806" frameX="-19" frameY="0" frameWidth="1016" frameHeight="804" />
<SubTexture name="right0001" x="3253" y="806" width="999" height="805" frameX="0" frameY="-1" frameWidth="1016" frameHeight="804" />
<SubTexture name="up0000" x="0" y="0" width="795" height="830" frameX="-19" frameY="0" frameWidth="854" frameHeight="828" />
<SubTexture name="up0001" x="0" y="1642" width="856" height="808" frameX="0" frameY="-22" frameWidth="854" frameHeight="828" />
<SubTexture name="alt down0000" x="1046" y="3246" width="1046" height="733" frameX="-1" frameY="-14" frameWidth="1045" frameHeight="745" />
<SubTexture name="alt down0001" x="2982" y="2450" width="1032" height="747" frameX="-7" frameY="0" frameWidth="1045" frameHeight="745" />
<SubTexture name="alt idle0000" x="975" y="2450" width="975" height="796" frameX="0" frameY="0" frameWidth="973" frameHeight="794" />
<SubTexture name="alt left0000" x="0" y="830" width="825" height="812" frameX="0" frameY="0" frameWidth="869" frameHeight="810" />
<SubTexture name="alt left0001" x="2415" y="0" width="838" height="810" frameX="-33" frameY="-2" frameWidth="869" frameHeight="810" />
<SubTexture name="alt right0000" x="3253" y="0" width="999" height="806" frameX="-19" frameY="0" frameWidth="1016" frameHeight="804" />
<SubTexture name="alt right0001" x="3253" y="1611" width="999" height="805" frameX="0" frameY="-1" frameWidth="1016" frameHeight="804" />
<SubTexture name="alt up0000" x="795" y="0" width="795" height="830" frameX="-19" frameY="0" frameWidth="854" frameHeight="828" />
<SubTexture name="alt up0001" x="856" y="1642" width="856" height="808" frameX="0" frameY="-22" frameWidth="854" frameHeight="828" />
</TextureAtlas>
