<?xml version='1.0' encoding='utf-8'?>
<TextureAtlas imagePath="k3mc.png">
<SubTexture name="k3 clap and stuff0000" x="1964" y="920" width="222" height="453" frameX="-854" frameY="-259" frameWidth="1920" frameHeight="1080" />
<SubTexture name="k3 clap and stuff0001" x="1964" y="1373" width="222" height="453" frameX="-854" frameY="-259" frameWidth="1920" frameHeight="1080" />
<SubTexture name="k3 clap and stuff0002" x="0" y="2339" width="222" height="453" frameX="-854" frameY="-259" frameWidth="1920" frameHeight="1080" />
<SubTexture name="k3 clap and stuff0003" x="2678" y="1821" width="223" height="454" frameX="-853" frameY="-258" frameWidth="1920" frameHeight="1080" />
<SubTexture name="k3 clap and stuff0004" x="2186" y="1376" width="225" height="456" frameX="-850" frameY="-256" frameWidth="1920" frameHeight="1080" />
<SubTexture name="k3 clap and stuff0005" x="2186" y="460" width="224" height="459" frameX="-846" frameY="-253" frameWidth="1920" frameHeight="1080" />
<SubTexture name="k3 clap and stuff0006" x="957" y="950" width="225" height="463" frameX="-843" frameY="-249" frameWidth="1920" frameHeight="1080" />
<SubTexture name="k3 clap and stuff0007" x="237" y="950" width="246" height="466" frameX="-847" frameY="-246" frameWidth="1920" frameHeight="1080" />
<SubTexture name="k3 clap and stuff0008" x="720" y="950" width="237" height="465" frameX="-852" frameY="-247" frameWidth="1920" frameHeight="1080" />
<SubTexture name="k3 clap and stuff0009" x="1502" y="0" width="214" height="462" frameX="-862" frameY="-250" frameWidth="1920" frameHeight="1080" />
<SubTexture name="k3 clap and stuff0010" x="2186" y="919" width="201" height="457" frameX="-861" frameY="-255" frameWidth="1920" frameHeight="1080" />
<SubTexture name="k3 clap and stuff0011" x="1502" y="914" width="205" height="450" frameX="-859" frameY="-262" frameWidth="1920" frameHeight="1080" />
<SubTexture name="k3 clap and stuff0012" x="1502" y="462" width="202" height="452" frameX="-861" frameY="-260" frameWidth="1920" frameHeight="1080" />
<SubTexture name="k3 clap and stuff0013" x="2413" y="456" width="223" height="454" frameX="-858" frameY="-258" frameWidth="1920" frameHeight="1080" />
<SubTexture name="k3 clap and stuff0014" x="2678" y="456" width="248" height="455" frameX="-846" frameY="-257" frameWidth="1920" frameHeight="1080" />
<SubTexture name="k3 clap and stuff0015" x="2678" y="911" width="260" height="455" frameX="-840" frameY="-257" frameWidth="1920" frameHeight="1080" />
<SubTexture name="k3 clap and stuff0016" x="1719" y="1879" width="264" height="456" frameX="-839" frameY="-256" frameWidth="1920" frameHeight="1080" />
<SubTexture name="k3 clap and stuff0017" x="1983" y="1879" width="264" height="456" frameX="-841" frameY="-256" frameWidth="1920" frameHeight="1080" />
<SubTexture name="k3 clap and stuff0018" x="2413" y="0" width="265" height="456" frameX="-841" frameY="-256" frameWidth="1920" frameHeight="1080" />
<SubTexture name="k3 clap and stuff0019" x="2678" y="0" width="272" height="456" frameX="-832" frameY="-256" frameWidth="1920" frameHeight="1080" />
<SubTexture name="k3 clap and stuff0020" x="1445" y="1879" width="274" height="457" frameX="-824" frameY="-255" frameWidth="1920" frameHeight="1080" />
<SubTexture name="k3 clap and stuff0021" x="1178" y="1879" width="267" height="459" frameX="-818" frameY="-253" frameWidth="1920" frameHeight="1080" />
<SubTexture name="k3 clap and stuff0022" x="0" y="1419" width="257" height="460" frameX="-820" frameY="-252" frameWidth="1920" frameHeight="1080" />
<SubTexture name="k3 clap and stuff0023" x="257" y="1419" width="254" height="460" frameX="-825" frameY="-252" frameWidth="1920" frameHeight="1080" />
<SubTexture name="k3 clap and stuff0024" x="1716" y="0" width="248" height="461" frameX="-828" frameY="-251" frameWidth="1920" frameHeight="1080" />
<SubTexture name="k3 clap and stuff0025" x="1716" y="461" width="243" height="460" frameX="-830" frameY="-252" frameWidth="1920" frameHeight="1080" />
<SubTexture name="k3 clap and stuff0026" x="1716" y="921" width="240" height="460" frameX="-831" frameY="-252" frameWidth="1920" frameHeight="1080" />
<SubTexture name="k3 clap and stuff0027" x="511" y="1419" width="240" height="460" frameX="-831" frameY="-252" frameWidth="1920" frameHeight="1080" />
<SubTexture name="k3 clap and stuff0028" x="751" y="1419" width="239" height="460" frameX="-832" frameY="-252" frameWidth="1920" frameHeight="1080" />
<SubTexture name="k3 clap and stuff0029" x="990" y="1419" width="239" height="460" frameX="-832" frameY="-252" frameWidth="1920" frameHeight="1080" />
<SubTexture name="k3 clap and stuff0030" x="1229" y="1419" width="239" height="460" frameX="-832" frameY="-252" frameWidth="1920" frameHeight="1080" />
<SubTexture name="k3 clap and stuff0031" x="1468" y="1419" width="237" height="460" frameX="-834" frameY="-252" frameWidth="1920" frameHeight="1080" />
<SubTexture name="k3 clap and stuff0032" x="1705" y="1419" width="231" height="460" frameX="-840" frameY="-252" frameWidth="1920" frameHeight="1080" />
<SubTexture name="k3 clap and stuff0033" x="1964" y="0" width="222" height="460" frameX="-849" frameY="-252" frameWidth="1920" frameHeight="1080" />
<SubTexture name="k3 clap and stuff0034" x="1964" y="460" width="222" height="460" frameX="-849" frameY="-252" frameWidth="1920" frameHeight="1080" />
<SubTexture name="k3 clap and stuff0035" x="2186" y="0" width="227" height="460" frameX="-844" frameY="-252" frameWidth="1920" frameHeight="1080" />
<SubTexture name="k3 clap and stuff0036" x="0" y="1879" width="232" height="460" frameX="-839" frameY="-252" frameWidth="1920" frameHeight="1080" />
<SubTexture name="k3 clap and stuff0037" x="232" y="1879" width="236" height="460" frameX="-835" frameY="-252" frameWidth="1920" frameHeight="1080" />
<SubTexture name="k3 clap and stuff0038" x="468" y="1879" width="236" height="460" frameX="-835" frameY="-252" frameWidth="1920" frameHeight="1080" />
<SubTexture name="k3 clap and stuff0039" x="704" y="1879" width="237" height="460" frameX="-834" frameY="-252" frameWidth="1920" frameHeight="1080" />
<SubTexture name="k3 clap and stuff0040" x="941" y="1879" width="237" height="460" frameX="-834" frameY="-252" frameWidth="1920" frameHeight="1080" />
<SubTexture name="k3 clap and stuff0041" x="1182" y="950" width="237" height="463" frameX="-834" frameY="-249" frameWidth="1920" frameHeight="1080" />
<SubTexture name="k3 clap and stuff0042" x="483" y="950" width="237" height="466" frameX="-834" frameY="-246" frameWidth="1920" frameHeight="1080" />
<SubTexture name="k3 clap and stuff0043" x="0" y="950" width="237" height="469" frameX="-834" frameY="-243" frameWidth="1920" frameHeight="1080" />
<SubTexture name="k3 clap and stuff0044" x="920" y="476" width="236" height="473" frameX="-835" frameY="-239" frameWidth="1920" frameHeight="1080" />
<SubTexture name="k3 clap and stuff0045" x="235" y="0" width="236" height="475" frameX="-835" frameY="-237" frameWidth="1920" frameHeight="1080" />
<SubTexture name="k3 clap and stuff0046" x="0" y="0" width="235" height="476" frameX="-836" frameY="-236" frameWidth="1920" frameHeight="1080" />
<SubTexture name="k3 clap and stuff0047" x="471" y="0" width="230" height="475" frameX="-841" frameY="-237" frameWidth="1920" frameHeight="1080" />
<SubTexture name="k3 clap and stuff0048" x="701" y="0" width="234" height="475" frameX="-837" frameY="-237" frameWidth="1920" frameHeight="1080" />
<SubTexture name="k3 clap and stuff0049" x="935" y="0" width="272" height="475" frameX="-799" frameY="-237" frameWidth="1920" frameHeight="1080" />
<SubTexture name="k3 clap and stuff0050" x="0" y="476" width="303" height="474" frameX="-768" frameY="-238" frameWidth="1920" frameHeight="1080" />
<SubTexture name="k3 clap and stuff0051" x="303" y="476" width="313" height="474" frameX="-758" frameY="-238" frameWidth="1920" frameHeight="1080" />
<SubTexture name="k3 clap and stuff0052" x="616" y="476" width="304" height="474" frameX="-767" frameY="-238" frameWidth="1920" frameHeight="1080" />
<SubTexture name="k3 clap and stuff0053" x="1207" y="0" width="295" height="474" frameX="-776" frameY="-238" frameWidth="1920" frameHeight="1080" />
<SubTexture name="k3 clap and stuff0054" x="1207" y="474" width="291" height="474" frameX="-780" frameY="-238" frameWidth="1920" frameHeight="1080" />
<SubTexture name="k3 idle0000" x="3183" y="855" width="232" height="421" frameX="-842" frameY="-291" frameWidth="1920" frameHeight="1080" />
<SubTexture name="k3 idle0001" x="3183" y="431" width="230" height="424" frameX="-843" frameY="-288" frameWidth="1920" frameHeight="1080" />
<SubTexture name="k3 idle0002" x="2950" y="437" width="226" height="431" frameX="-846" frameY="-281" frameWidth="1920" frameHeight="1080" />
<SubTexture name="k3 idle0003" x="2636" y="2339" width="218" height="442" frameX="-851" frameY="-270" frameWidth="1920" frameHeight="1080" />
<SubTexture name="k3 idle0004" x="2196" y="2339" width="215" height="448" frameX="-854" frameY="-264" frameWidth="1920" frameHeight="1080" />
<SubTexture name="k3 idle0005" x="1981" y="2339" width="215" height="449" frameX="-855" frameY="-263" frameWidth="1920" frameHeight="1080" />
<SubTexture name="k3 idle0006" x="1764" y="2339" width="217" height="451" frameX="-855" frameY="-261" frameWidth="1920" frameHeight="1080" />
<SubTexture name="k3 idle0007" x="1545" y="2339" width="219" height="452" frameX="-855" frameY="-260" frameWidth="1920" frameHeight="1080" />
<SubTexture name="k3 idle0008" x="222" y="2339" width="220" height="453" frameX="-855" frameY="-259" frameWidth="1920" frameHeight="1080" />
<SubTexture name="k3 idle0009" x="442" y="2339" width="220" height="453" frameX="-855" frameY="-259" frameWidth="1920" frameHeight="1080" />
<SubTexture name="k3 idle0010" x="662" y="2339" width="221" height="453" frameX="-855" frameY="-259" frameWidth="1920" frameHeight="1080" />
<SubTexture name="k3 idle0011" x="883" y="2339" width="221" height="453" frameX="-855" frameY="-259" frameWidth="1920" frameHeight="1080" />
<SubTexture name="k3 idle0012" x="883" y="2339" width="221" height="453" frameX="-855" frameY="-259" frameWidth="1920" frameHeight="1080" />
<SubTexture name="k3 idle0013" x="883" y="2339" width="221" height="453" frameX="-855" frameY="-259" frameWidth="1920" frameHeight="1080" />
<SubTexture name="k3 idle0014" x="883" y="2339" width="221" height="453" frameX="-855" frameY="-259" frameWidth="1920" frameHeight="1080" />
<SubTexture name="k3 idle0015" x="883" y="2339" width="221" height="453" frameX="-855" frameY="-259" frameWidth="1920" frameHeight="1080" />
<SubTexture name="k3 idle0016" x="0" y="2792" width="241" height="428" frameX="-848" frameY="-284" frameWidth="1920" frameHeight="1080" />
<SubTexture name="k3 idle0017" x="3183" y="0" width="239" height="431" frameX="-849" frameY="-281" frameWidth="1920" frameHeight="1080" />
<SubTexture name="k3 idle0018" x="2950" y="0" width="233" height="437" frameX="-852" frameY="-275" frameWidth="1920" frameHeight="1080" />
<SubTexture name="k3 idle0019" x="2411" y="2339" width="225" height="447" frameX="-855" frameY="-265" frameWidth="1920" frameHeight="1080" />
<SubTexture name="k3 idle0020" x="2413" y="910" width="219" height="454" frameX="-857" frameY="-258" frameWidth="1920" frameHeight="1080" />
<SubTexture name="k3 idle0021" x="2678" y="1366" width="218" height="455" frameX="-857" frameY="-257" frameWidth="1920" frameHeight="1080" />
<SubTexture name="k3 idle0022" x="2413" y="1364" width="220" height="454" frameX="-855" frameY="-258" frameWidth="1920" frameHeight="1080" />
<SubTexture name="k3 idle0023" x="2413" y="1818" width="220" height="454" frameX="-855" frameY="-258" frameWidth="1920" frameHeight="1080" />
<SubTexture name="k3 idle0024" x="1104" y="2339" width="220" height="453" frameX="-855" frameY="-259" frameWidth="1920" frameHeight="1080" />
<SubTexture name="k3 idle0025" x="1324" y="2339" width="221" height="453" frameX="-855" frameY="-259" frameWidth="1920" frameHeight="1080" />
<SubTexture name="k3 idle0026" x="883" y="2339" width="221" height="453" frameX="-855" frameY="-259" frameWidth="1920" frameHeight="1080" />
<SubTexture name="k3 idle0027" x="883" y="2339" width="221" height="453" frameX="-855" frameY="-259" frameWidth="1920" frameHeight="1080" />
</TextureAtlas>
