<?xml version="1.0" encoding="utf-8"?>
<TextureAtlas imagePath="lonliDiscord.png">
	<SubTexture name="idle0000" x="600" y="262" width="166" height="152"/>
	<SubTexture name="idle0001" x="600" y="262" width="166" height="152"/>
	<SubTexture name="idle0002" x="766" y="262" width="166" height="152"/>
	<SubTexture name="idle0003" x="766" y="262" width="166" height="152"/>
	<SubTexture name="idle0004" x="600" y="414" width="166" height="152"/>
	<SubTexture name="idle0005" x="600" y="414" width="166" height="152"/>
	<SubTexture name="idle0006" x="766" y="414" width="166" height="152"/>
	<SubTexture name="left0000" x="800" y="566" width="169" height="136" frameX="26" frameY="-19" frameWidth="169" frameHeight="136"/>
	<SubTexture name="left0001" x="800" y="566" width="169" height="136" frameX="26" frameY="-19" frameWidth="169" frameHeight="136"/>
	<SubTexture name="left0002" x="800" y="702" width="169" height="136" frameX="26" frameY="-19" frameWidth="169" frameHeight="136"/>
	<SubTexture name="left0003" x="800" y="702" width="169" height="136" frameX="26" frameY="-19" frameWidth="169" frameHeight="136"/>
	<SubTexture name="left0004" x="0" y="838" width="169" height="136" frameX="26" frameY="-19" frameWidth="169" frameHeight="136"/>
	<SubTexture name="left0005" x="0" y="838" width="169" height="136" frameX="26" frameY="-19" frameWidth="169" frameHeight="136"/>
	<SubTexture name="left0006" x="169" y="838" width="169" height="136" frameX="26" frameY="-19" frameWidth="169" frameHeight="136"/>
	<SubTexture name="down0000" x="800" y="0" width="122" height="131" frameX="-23" frameY="-30" frameWidth="122" frameHeight="131"/>
	<SubTexture name="down0001" x="800" y="0" width="122" height="131" frameX="-23" frameY="-30" frameWidth="122" frameHeight="131"/>
	<SubTexture name="down0002" x="922" y="0" width="122" height="131" frameX="-23" frameY="-30" frameWidth="122" frameHeight="131"/>
	<SubTexture name="down0003" x="922" y="0" width="122" height="131" frameX="-23" frameY="-30" frameWidth="122" frameHeight="131"/>
	<SubTexture name="down0004" x="800" y="131" width="122" height="131" frameX="-23" frameY="-30" frameWidth="122" frameHeight="131"/>
	<SubTexture name="up0000" x="1138" y="870" width="140" height="156" frameX="-11" frameY="5" frameWidth="140" frameHeight="156"/>
	<SubTexture name="up0001" x="1138" y="870" width="140" height="156" frameX="-11" frameY="5" frameWidth="140" frameHeight="156"/>
	<SubTexture name="up0002" x="1138" y="1026" width="140" height="156" frameX="-11" frameY="5" frameWidth="140" frameHeight="156"/>
	<SubTexture name="up0003" x="1138" y="1026" width="140" height="156" frameX="-11" frameY="5" frameWidth="140" frameHeight="156"/>
	<SubTexture name="up0004" x="1244" y="0" width="140" height="156" frameX="-11" frameY="5" frameWidth="140" frameHeight="156"/>
	<SubTexture name="up0005" x="1244" y="0" width="140" height="156" frameX="-11" frameY="5" frameWidth="140" frameHeight="156"/>
	<SubTexture name="up0006" x="1256" y="156" width="140" height="156" frameX="-11" frameY="5" frameWidth="140" frameHeight="156"/>
	<SubTexture name="right0000" x="932" y="200" width="162" height="135" frameX="-22" frameY="-20" frameWidth="162" frameHeight="135"/>
	<SubTexture name="right0001" x="932" y="200" width="162" height="135" frameX="-22" frameY="-20" frameWidth="162" frameHeight="135"/>
	<SubTexture name="right0002" x="1094" y="200" width="162" height="135" frameX="-22" frameY="-20" frameWidth="162" frameHeight="135"/>
	<SubTexture name="right0003" x="1094" y="200" width="162" height="135" frameX="-22" frameY="-20" frameWidth="162" frameHeight="135"/>
	<SubTexture name="right0004" x="932" y="335" width="162" height="135" frameX="-22" frameY="-20" frameWidth="162" frameHeight="135"/>
	<SubTexture name="right0005" x="932" y="335" width="162" height="135" frameX="-22" frameY="-20" frameWidth="162" frameHeight="135"/>
	<SubTexture name="right0006" x="1094" y="335" width="162" height="135" frameX="-22" frameY="-20" frameWidth="162" frameHeight="135"/>
	<SubTexture name="alt left0000" x="0" y="566" width="200" height="200" frameX="20" frameY="45" frameWidth="200" frameHeight="200"/>
	<SubTexture name="alt left0001" x="200" y="566" width="200" height="200" frameX="20" frameY="45" frameWidth="200" frameHeight="200"/>
	<SubTexture name="alt left0002" x="400" y="566" width="200" height="200" frameX="20" frameY="45" frameWidth="200" frameHeight="200"/>
	<SubTexture name="alt left0003" x="600" y="566" width="200" height="200" frameX="20" frameY="45" frameWidth="200" frameHeight="200"/>
	<SubTexture name="alt down0000" x="0" y="0" width="200" height="200" frameX="10" frameY="50" frameWidth="200" frameHeight="200"/>
	<SubTexture name="alt down0001" x="200" y="0" width="200" height="200" frameX="10" frameY="50" frameWidth="200" frameHeight="200"/>
	<SubTexture name="alt down0002" x="400" y="0" width="200" height="200" frameX="10" frameY="50" frameWidth="200" frameHeight="200"/>
	<SubTexture name="alt down0003" x="600" y="0" width="200" height="200" frameX="10" frameY="50" frameWidth="200" frameHeight="200"/>
	<SubTexture name="alt up0000" x="969" y="470" width="200" height="200" frameX="15" frameY="50" frameWidth="200" frameHeight="200"/>
	<SubTexture name="alt up0001" x="969" y="670" width="200" height="200" frameX="15" frameY="50" frameWidth="200" frameHeight="200"/>
	<SubTexture name="alt up0002" x="938" y="870" width="200" height="200" frameX="15" frameY="50" frameWidth="200" frameHeight="200"/>
	<SubTexture name="alt up0003" x="0" y="1070" width="200" height="200" frameX="15" frameY="50" frameWidth="200" frameHeight="200"/>
	<SubTexture name="alt right0000" x="338" y="838" width="200" height="200" frameX="18" frameY="47" frameWidth="200" frameHeight="200"/>
	<SubTexture name="alt right0001" x="538" y="838" width="200" height="200" frameX="18" frameY="47" frameWidth="200" frameHeight="200"/>
	<SubTexture name="alt right0002" x="738" y="838" width="200" height="200" frameX="18" frameY="47" frameWidth="200" frameHeight="200"/>
	<SubTexture name="alt right0003" x="1044" y="0" width="200" height="200" frameX="18" frameY="47" frameWidth="200" frameHeight="200"/>
	<SubTexture name="alt idle0000" x="0" y="262" width="200" height="200" frameX="24" frameY="44" frameWidth="200" frameHeight="200"/>
	<SubTexture name="alt idle0001" x="200" y="262" width="200" height="200" frameX="24" frameY="44" frameWidth="200" frameHeight="200"/>
	<SubTexture name="alt idle0002" x="400" y="262" width="200" height="200" frameX="24" frameY="44" frameWidth="200" frameHeight="200"/>
	<SubTexture name="miss0000" x="1396" y="0" width="200" height="200"/>
	<SubTexture name="miss0001" x="1396" y="200" width="200" height="200"/>
	<SubTexture name="miss0002" x="1396" y="400" width="200" height="200"/>
	<SubTexture name="miss0003" x="1396" y="600" width="200" height="200"/>
	<SubTexture name="miss0004" x="1396" y="800" width="200" height="200"/>
	<SubTexture name="miss0005" x="1396" y="1000" width="200" height="200"/>
</TextureAtlas>