﻿<?xml version="1.0" encoding="utf-8"?>
<TextureAtlas imagePath="Lonli obby assets.png">
	<!-- Created with Adobe Animate version 22.0.3.179 -->
	<!-- http://www.adobe.com/products/animate.html -->
	<SubTexture name="lonli down0000" x="0" y="0" width="398" height="283" frameX="0" frameY="-19" frameWidth="398" frameHeight="302"/>
	<SubTexture name="lonli down0001" x="0" y="0" width="398" height="283" frameX="0" frameY="-19" frameWidth="398" frameHeight="302"/>
	<SubTexture name="lonli down0002" x="398" y="0" width="389" height="289" frameX="0" frameY="-13" frameWidth="398" frameHeight="302"/>
	<SubTexture name="lonli down0003" x="398" y="0" width="389" height="289" frameX="0" frameY="-13" frameWidth="398" frameHeight="302"/>
	<SubTexture name="lonli down0004" x="787" y="0" width="383" height="295" frameX="0" frameY="-7" frameWidth="398" frameHeight="302"/>
	<SubTexture name="lonli down0005" x="787" y="0" width="383" height="295" frameX="0" frameY="-7" frameWidth="398" frameHeight="302"/>
	<SubTexture name="lonli down0006" x="1170" y="0" width="295" height="302" frameX="-87" frameY="0" frameWidth="398" frameHeight="302"/>
	<SubTexture name="lonli down0007" x="1170" y="0" width="295" height="302" frameX="-87" frameY="0" frameWidth="398" frameHeight="302"/>
	<SubTexture name="lonli down0008" x="1170" y="0" width="295" height="302" frameX="-87" frameY="0" frameWidth="398" frameHeight="302"/>
	<SubTexture name="lonli down0009" x="1170" y="0" width="295" height="302" frameX="-87" frameY="0" frameWidth="398" frameHeight="302"/>
	<SubTexture name="lonli down0010" x="1170" y="0" width="295" height="302" frameX="-87" frameY="0" frameWidth="398" frameHeight="302"/>
	<SubTexture name="lonli down0011" x="1170" y="0" width="295" height="302" frameX="-87" frameY="0" frameWidth="398" frameHeight="302"/>
	<SubTexture name="lonli down0012" x="1170" y="0" width="295" height="302" frameX="-87" frameY="0" frameWidth="398" frameHeight="302"/>
	<SubTexture name="lonli down0013" x="1170" y="0" width="295" height="302" frameX="-87" frameY="0" frameWidth="398" frameHeight="302"/>
	<SubTexture name="lonli down0014" x="1170" y="0" width="295" height="302" frameX="-87" frameY="0" frameWidth="398" frameHeight="302"/>
	<SubTexture name="lonli idle0000" x="1465" y="0" width="329" height="265" frameX="0" frameY="-37" frameWidth="329" frameHeight="302"/>
	<SubTexture name="lonli idle0001" x="1465" y="0" width="329" height="265" frameX="0" frameY="-37" frameWidth="329" frameHeight="302"/>
	<SubTexture name="lonli idle0002" x="0" y="302" width="309" height="281" frameX="-10" frameY="-21" frameWidth="329" frameHeight="302"/>
	<SubTexture name="lonli idle0003" x="0" y="302" width="309" height="281" frameX="-10" frameY="-21" frameWidth="329" frameHeight="302"/>
	<SubTexture name="lonli idle0004" x="309" y="302" width="296" height="293" frameX="-16" frameY="-9" frameWidth="329" frameHeight="302"/>
	<SubTexture name="lonli idle0005" x="309" y="302" width="296" height="293" frameX="-16" frameY="-9" frameWidth="329" frameHeight="302"/>
	<SubTexture name="lonli idle0006" x="1170" y="0" width="295" height="302" frameX="-17" frameY="0" frameWidth="398" frameHeight="302"/>
	<SubTexture name="lonli idle0007" x="1170" y="0" width="295" height="302" frameX="-17" frameY="0" frameWidth="398" frameHeight="302"/>
	<SubTexture name="lonli idle0008" x="1170" y="0" width="295" height="302" frameX="-17" frameY="0" frameWidth="398" frameHeight="302"/>
	<SubTexture name="lonli idle0009" x="1170" y="0" width="295" height="302" frameX="-17" frameY="0" frameWidth="398" frameHeight="302"/>
	<SubTexture name="lonli idle0010" x="1170" y="0" width="295" height="302" frameX="-17" frameY="0" frameWidth="398" frameHeight="302"/>
	<SubTexture name="lonli idle0011" x="1170" y="0" width="295" height="302" frameX="-17" frameY="0" frameWidth="398" frameHeight="302"/>
	<SubTexture name="lonli idle0012" x="1170" y="0" width="295" height="302" frameX="-17" frameY="0" frameWidth="398" frameHeight="302"/>
	<SubTexture name="lonli idle0013" x="1170" y="0" width="295" height="302" frameX="-17" frameY="0" frameWidth="398" frameHeight="302"/>
	<SubTexture name="lonli idle0014" x="1170" y="0" width="295" height="302" frameX="-17" frameY="0" frameWidth="398" frameHeight="302"/>
	<SubTexture name="lonli left0000" x="605" y="302" width="399" height="320" frameX="0" frameY="0" frameWidth="408" frameHeight="320"/>
	<SubTexture name="lonli left0001" x="605" y="302" width="399" height="320" frameX="0" frameY="0" frameWidth="408" frameHeight="320"/>
	<SubTexture name="lonli left0002" x="1004" y="302" width="403" height="309" frameX="0" frameY="-11" frameWidth="408" frameHeight="320"/>
	<SubTexture name="lonli left0003" x="1004" y="302" width="403" height="309" frameX="0" frameY="-11" frameWidth="408" frameHeight="320"/>
	<SubTexture name="lonli left0004" x="1407" y="302" width="406" height="306" frameX="0" frameY="-14" frameWidth="408" frameHeight="320"/>
	<SubTexture name="lonli left0005" x="1407" y="302" width="406" height="306" frameX="0" frameY="-14" frameWidth="408" frameHeight="320"/>
	<SubTexture name="lonli left0006" x="0" y="622" width="296" height="304" frameX="-112" frameY="-16" frameWidth="408" frameHeight="320"/>
	<SubTexture name="lonli left0007" x="0" y="622" width="296" height="304" frameX="-112" frameY="-16" frameWidth="408" frameHeight="320"/>
	<SubTexture name="lonli left0008" x="0" y="622" width="296" height="304" frameX="-112" frameY="-16" frameWidth="408" frameHeight="320"/>
	<SubTexture name="lonli left0009" x="0" y="622" width="296" height="304" frameX="-112" frameY="-16" frameWidth="408" frameHeight="320"/>
	<SubTexture name="lonli left0010" x="0" y="622" width="296" height="304" frameX="-112" frameY="-16" frameWidth="408" frameHeight="320"/>
	<SubTexture name="lonli left0011" x="0" y="622" width="296" height="304" frameX="-112" frameY="-16" frameWidth="408" frameHeight="320"/>
	<SubTexture name="lonli left0012" x="0" y="622" width="296" height="304" frameX="-112" frameY="-16" frameWidth="408" frameHeight="320"/>
	<SubTexture name="lonli left0013" x="0" y="622" width="296" height="304" frameX="-112" frameY="-16" frameWidth="408" frameHeight="320"/>
	<SubTexture name="lonli left0014" x="0" y="622" width="296" height="304" frameX="-112" frameY="-16" frameWidth="408" frameHeight="320"/>
	<SubTexture name="lonli miss down0000" x="1023" y="936" width="349" height="283" frameX="0" frameY="-19" frameWidth="349" frameHeight="302"/>
	<SubTexture name="lonli miss down0001" x="1023" y="936" width="349" height="283" frameX="0" frameY="-19" frameWidth="349" frameHeight="302"/>
	<SubTexture name="lonli miss down0002" x="1372" y="936" width="319" height="289" frameX="-21" frameY="-13" frameWidth="349" frameHeight="302"/>
	<SubTexture name="lonli miss down0003" x="1372" y="936" width="319" height="289" frameX="-21" frameY="-13" frameWidth="349" frameHeight="302"/>
	<SubTexture name="lonli miss down0004" x="1691" y="936" width="300" height="295" frameX="-34" frameY="-7" frameWidth="349" frameHeight="302"/>
	<SubTexture name="lonli miss down0005" x="1691" y="936" width="300" height="295" frameX="-34" frameY="-7" frameWidth="349" frameHeight="302"/>
	<SubTexture name="lonli miss down0006" x="1363" y="1594" width="295" height="302" frameX="-38" frameY="0" frameWidth="295" frameHeight="338"/>
	<SubTexture name="lonli miss down0007" x="1363" y="1594" width="295" height="302" frameX="-38" frameY="0" frameWidth="295" frameHeight="338"/>
	<SubTexture name="lonli miss down0008" x="1363" y="1594" width="295" height="302" frameX="-38" frameY="0" frameWidth="295" frameHeight="338"/>
	<SubTexture name="lonli miss down0009" x="1363" y="1594" width="295" height="302" frameX="-38" frameY="0" frameWidth="295" frameHeight="338"/>
	<SubTexture name="lonli miss down0010" x="1363" y="1594" width="295" height="302" frameX="-38" frameY="0" frameWidth="295" frameHeight="338"/>
	<SubTexture name="lonli miss down0011" x="1363" y="1594" width="295" height="302" frameX="-38" frameY="0" frameWidth="295" frameHeight="338"/>
	<SubTexture name="lonli miss down0012" x="1363" y="1594" width="295" height="302" frameX="-38" frameY="0" frameWidth="295" frameHeight="338"/>
	<SubTexture name="lonli miss down0013" x="1363" y="1594" width="295" height="302" frameX="-38" frameY="0" frameWidth="295" frameHeight="338"/>
	<SubTexture name="lonli miss down0014" x="1363" y="1594" width="295" height="302" frameX="-38" frameY="0" frameWidth="295" frameHeight="338"/>
	<SubTexture name="lonli miss left0000" x="0" y="1274" width="320" height="320" frameX="0" frameY="0" frameWidth="329" frameHeight="320"/>
	<SubTexture name="lonli miss left0001" x="0" y="1274" width="320" height="320" frameX="0" frameY="0" frameWidth="329" frameHeight="320"/>
	<SubTexture name="lonli miss left0002" x="320" y="1274" width="305" height="309" frameX="-19" frameY="-11" frameWidth="329" frameHeight="320"/>
	<SubTexture name="lonli miss left0003" x="320" y="1274" width="305" height="309" frameX="-19" frameY="-11" frameWidth="329" frameHeight="320"/>
	<SubTexture name="lonli miss left0004" x="625" y="1274" width="299" height="306" frameX="-28" frameY="-14" frameWidth="329" frameHeight="320"/>
	<SubTexture name="lonli miss left0005" x="625" y="1274" width="299" height="306" frameX="-28" frameY="-14" frameWidth="329" frameHeight="320"/>
	<SubTexture name="lonli miss left0006" x="924" y="1274" width="296" height="304" frameX="-33" frameY="-16" frameWidth="329" frameHeight="320"/>
	<SubTexture name="lonli miss left0007" x="924" y="1274" width="296" height="304" frameX="-33" frameY="-16" frameWidth="329" frameHeight="320"/>
	<SubTexture name="lonli miss left0008" x="924" y="1274" width="296" height="304" frameX="-33" frameY="-16" frameWidth="329" frameHeight="320"/>
	<SubTexture name="lonli miss left0009" x="924" y="1274" width="296" height="304" frameX="-33" frameY="-16" frameWidth="329" frameHeight="320"/>
	<SubTexture name="lonli miss left0010" x="924" y="1274" width="296" height="304" frameX="-33" frameY="-16" frameWidth="329" frameHeight="320"/>
	<SubTexture name="lonli miss left0011" x="924" y="1274" width="296" height="304" frameX="-33" frameY="-16" frameWidth="329" frameHeight="320"/>
	<SubTexture name="lonli miss left0012" x="924" y="1274" width="296" height="304" frameX="-33" frameY="-16" frameWidth="329" frameHeight="320"/>
	<SubTexture name="lonli miss left0013" x="924" y="1274" width="296" height="304" frameX="-33" frameY="-16" frameWidth="329" frameHeight="320"/>
	<SubTexture name="lonli miss left0014" x="924" y="1274" width="296" height="304" frameX="-33" frameY="-16" frameWidth="329" frameHeight="320"/>
	<SubTexture name="lonli miss right0000" x="1220" y="1274" width="316" height="314" frameX="-11" frameY="0" frameWidth="327" frameHeight="314"/>
	<SubTexture name="lonli miss right0001" x="1220" y="1274" width="316" height="314" frameX="-11" frameY="0" frameWidth="327" frameHeight="314"/>
	<SubTexture name="lonli miss right0002" x="1536" y="1274" width="308" height="309" frameX="-7" frameY="-5" frameWidth="327" frameHeight="314"/>
	<SubTexture name="lonli miss right0003" x="1536" y="1274" width="308" height="309" frameX="-7" frameY="-5" frameWidth="327" frameHeight="314"/>
	<SubTexture name="lonli miss right0004" x="0" y="1594" width="301" height="305" frameX="-1" frameY="-9" frameWidth="327" frameHeight="314"/>
	<SubTexture name="lonli miss right0005" x="0" y="1594" width="301" height="305" frameX="-1" frameY="-9" frameWidth="327" frameHeight="314"/>
	<SubTexture name="lonli miss right0006" x="301" y="1594" width="294" height="301" frameX="0" frameY="-13" frameWidth="327" frameHeight="314"/>
	<SubTexture name="lonli miss right0007" x="301" y="1594" width="294" height="301" frameX="0" frameY="-13" frameWidth="327" frameHeight="314"/>
	<SubTexture name="lonli miss right0008" x="301" y="1594" width="294" height="301" frameX="0" frameY="-13" frameWidth="327" frameHeight="314"/>
	<SubTexture name="lonli miss right0009" x="301" y="1594" width="294" height="301" frameX="0" frameY="-13" frameWidth="327" frameHeight="314"/>
	<SubTexture name="lonli miss right0010" x="301" y="1594" width="294" height="301" frameX="0" frameY="-13" frameWidth="327" frameHeight="314"/>
	<SubTexture name="lonli miss right0011" x="301" y="1594" width="294" height="301" frameX="0" frameY="-13" frameWidth="327" frameHeight="314"/>
	<SubTexture name="lonli miss right0012" x="301" y="1594" width="294" height="301" frameX="0" frameY="-13" frameWidth="327" frameHeight="314"/>
	<SubTexture name="lonli miss right0013" x="301" y="1594" width="294" height="301" frameX="0" frameY="-13" frameWidth="327" frameHeight="314"/>
	<SubTexture name="lonli miss right0014" x="301" y="1594" width="294" height="301" frameX="0" frameY="-13" frameWidth="327" frameHeight="314"/>
	<SubTexture name="lonli miss up0000" x="595" y="1594" width="234" height="338" frameX="-33" frameY="0" frameWidth="295" frameHeight="338"/>
	<SubTexture name="lonli miss up0001" x="595" y="1594" width="234" height="338" frameX="-33" frameY="0" frameWidth="295" frameHeight="338"/>
	<SubTexture name="lonli miss up0002" x="829" y="1594" width="252" height="317" frameX="-23" frameY="-21" frameWidth="295" frameHeight="338"/>
	<SubTexture name="lonli miss up0003" x="829" y="1594" width="252" height="317" frameX="-23" frameY="-21" frameWidth="295" frameHeight="338"/>
	<SubTexture name="lonli miss up0004" x="1081" y="1594" width="282" height="309" frameX="-7" frameY="-29" frameWidth="295" frameHeight="338"/>
	<SubTexture name="lonli miss up0005" x="1081" y="1594" width="282" height="309" frameX="-7" frameY="-29" frameWidth="295" frameHeight="338"/>
	<SubTexture name="lonli miss up0006" x="1363" y="1594" width="295" height="302" frameX="0" frameY="-36" frameWidth="295" frameHeight="338"/>
	<SubTexture name="lonli miss up0007" x="1363" y="1594" width="295" height="302" frameX="0" frameY="-36" frameWidth="295" frameHeight="338"/>
	<SubTexture name="lonli miss up0008" x="1363" y="1594" width="295" height="302" frameX="0" frameY="-36" frameWidth="295" frameHeight="338"/>
	<SubTexture name="lonli miss up0009" x="1363" y="1594" width="295" height="302" frameX="0" frameY="-36" frameWidth="295" frameHeight="338"/>
	<SubTexture name="lonli miss up0010" x="1363" y="1594" width="295" height="302" frameX="0" frameY="-36" frameWidth="295" frameHeight="338"/>
	<SubTexture name="lonli miss up0011" x="1363" y="1594" width="295" height="302" frameX="0" frameY="-36" frameWidth="295" frameHeight="338"/>
	<SubTexture name="lonli miss up0012" x="1363" y="1594" width="295" height="302" frameX="0" frameY="-36" frameWidth="295" frameHeight="338"/>
	<SubTexture name="lonli miss up0013" x="1363" y="1594" width="295" height="302" frameX="0" frameY="-36" frameWidth="295" frameHeight="338"/>
	<SubTexture name="lonli miss up0014" x="1363" y="1594" width="295" height="302" frameX="0" frameY="-36" frameWidth="295" frameHeight="338"/>
	<SubTexture name="lonli right0000" x="296" y="622" width="407" height="314" frameX="-11" frameY="0" frameWidth="418" frameHeight="314"/>
	<SubTexture name="lonli right0001" x="296" y="622" width="407" height="314" frameX="-11" frameY="0" frameWidth="418" frameHeight="314"/>
	<SubTexture name="lonli right0002" x="703" y="622" width="411" height="309" frameX="-7" frameY="-5" frameWidth="418" frameHeight="314"/>
	<SubTexture name="lonli right0003" x="703" y="622" width="411" height="309" frameX="-7" frameY="-5" frameWidth="418" frameHeight="314"/>
	<SubTexture name="lonli right0004" x="1114" y="622" width="417" height="305" frameX="-1" frameY="-9" frameWidth="418" frameHeight="314"/>
	<SubTexture name="lonli right0005" x="1114" y="622" width="417" height="305" frameX="-1" frameY="-9" frameWidth="418" frameHeight="314"/>
	<SubTexture name="lonli right0006" x="1531" y="622" width="294" height="301" frameX="0" frameY="-13" frameWidth="418" frameHeight="314"/>
	<SubTexture name="lonli right0007" x="1531" y="622" width="294" height="301" frameX="0" frameY="-13" frameWidth="418" frameHeight="314"/>
	<SubTexture name="lonli right0008" x="1531" y="622" width="294" height="301" frameX="0" frameY="-13" frameWidth="418" frameHeight="314"/>
	<SubTexture name="lonli right0009" x="1531" y="622" width="294" height="301" frameX="0" frameY="-13" frameWidth="418" frameHeight="314"/>
	<SubTexture name="lonli right0010" x="1531" y="622" width="294" height="301" frameX="0" frameY="-13" frameWidth="418" frameHeight="314"/>
	<SubTexture name="lonli right0011" x="1531" y="622" width="294" height="301" frameX="0" frameY="-13" frameWidth="418" frameHeight="314"/>
	<SubTexture name="lonli right0012" x="1531" y="622" width="294" height="301" frameX="0" frameY="-13" frameWidth="418" frameHeight="314"/>
	<SubTexture name="lonli right0013" x="1531" y="622" width="294" height="301" frameX="0" frameY="-13" frameWidth="418" frameHeight="314"/>
	<SubTexture name="lonli right0014" x="1531" y="622" width="294" height="301" frameX="0" frameY="-13" frameWidth="418" frameHeight="314"/>
	<SubTexture name="lonli up0000" x="0" y="936" width="331" height="338" frameX="0" frameY="0" frameWidth="359" frameHeight="338"/>
	<SubTexture name="lonli up0001" x="0" y="936" width="331" height="338" frameX="0" frameY="0" frameWidth="359" frameHeight="338"/>
	<SubTexture name="lonli up0002" x="331" y="936" width="339" height="317" frameX="0" frameY="-21" frameWidth="359" frameHeight="338"/>
	<SubTexture name="lonli up0003" x="331" y="936" width="339" height="317" frameX="0" frameY="-21" frameWidth="359" frameHeight="338"/>
	<SubTexture name="lonli up0004" x="670" y="936" width="353" height="309" frameX="0" frameY="-29" frameWidth="359" frameHeight="338"/>
	<SubTexture name="lonli up0005" x="670" y="936" width="353" height="309" frameX="0" frameY="-29" frameWidth="359" frameHeight="338"/>
	<SubTexture name="lonli up0006" x="1170" y="0" width="295" height="302" frameX="-64" frameY="-36" frameWidth="398" frameHeight="302"/>
	<SubTexture name="lonli up0007" x="1170" y="0" width="295" height="302" frameX="-64" frameY="-36" frameWidth="398" frameHeight="302"/>
	<SubTexture name="lonli up0008" x="1170" y="0" width="295" height="302" frameX="-64" frameY="-36" frameWidth="398" frameHeight="302"/>
	<SubTexture name="lonli up0009" x="1170" y="0" width="295" height="302" frameX="-64" frameY="-36" frameWidth="398" frameHeight="302"/>
	<SubTexture name="lonli up0010" x="1170" y="0" width="295" height="302" frameX="-64" frameY="-36" frameWidth="398" frameHeight="302"/>
	<SubTexture name="lonli up0011" x="1170" y="0" width="295" height="302" frameX="-64" frameY="-36" frameWidth="398" frameHeight="302"/>
	<SubTexture name="lonli up0012" x="1170" y="0" width="295" height="302" frameX="-64" frameY="-36" frameWidth="398" frameHeight="302"/>
	<SubTexture name="lonli up0013" x="1170" y="0" width="295" height="302" frameX="-64" frameY="-36" frameWidth="398" frameHeight="302"/>
	<SubTexture name="lonli up0014" x="1170" y="0" width="295" height="302" frameX="-64" frameY="-36" frameWidth="398" frameHeight="302"/>
</TextureAtlas>
