<?xml version='1.0' encoding='utf-8'?>
<TextureAtlas imagePath="lonliMC.png">
<SubTexture name="lonli down0000" x="1135" y="2325" width="308" height="436" frameX="-1307" frameY="-332" frameWidth="1920" frameHeight="1080" />
<SubTexture name="lonli down0001" x="256" y="2325" width="307" height="438" frameX="-1307" frameY="-331" frameWidth="1920" frameHeight="1080" />
<SubTexture name="lonli down0002" x="623" y="1872" width="304" height="442" frameX="-1309" frameY="-327" frameWidth="1920" frameHeight="1080" />
<SubTexture name="lonli down0003" x="2303" y="906" width="299" height="448" frameX="-1311" frameY="-321" frameWidth="1920" frameHeight="1080" />
<SubTexture name="lonli down0004" x="0" y="1416" width="293" height="456" frameX="-1314" frameY="-313" frameWidth="1920" frameHeight="1080" />
<SubTexture name="lonli down0005" x="1421" y="931" width="286" height="462" frameX="-1317" frameY="-307" frameWidth="1920" frameHeight="1080" />
<SubTexture name="lonli down0006" x="1421" y="466" width="284" height="465" frameX="-1319" frameY="-304" frameWidth="1920" frameHeight="1080" />
<SubTexture name="lonli down0007" x="572" y="479" width="285" height="466" frameX="-1321" frameY="-303" frameWidth="1920" frameHeight="1080" />
<SubTexture name="lonli down0008" x="1135" y="0" width="286" height="466" frameX="-1322" frameY="-303" frameWidth="1920" frameHeight="1080" />
<SubTexture name="lonli down0009" x="0" y="950" width="287" height="466" frameX="-1322" frameY="-303" frameWidth="1920" frameHeight="1080" />
<SubTexture name="lonli down0010" x="287" y="950" width="287" height="466" frameX="-1322" frameY="-303" frameWidth="1920" frameHeight="1080" />
<SubTexture name="lonli down0011" x="574" y="950" width="287" height="466" frameX="-1322" frameY="-303" frameWidth="1920" frameHeight="1080" />
<SubTexture name="lonli down0012" x="861" y="950" width="287" height="466" frameX="-1322" frameY="-303" frameWidth="1920" frameHeight="1080" />
<SubTexture name="lonli down0013" x="1421" y="0" width="287" height="466" frameX="-1322" frameY="-303" frameWidth="1920" frameHeight="1080" />
<SubTexture name="lonli down0014" x="1421" y="0" width="287" height="466" frameX="-1322" frameY="-303" frameWidth="1920" frameHeight="1080" />
<SubTexture name="lonli down0015" x="1421" y="0" width="287" height="466" frameX="-1322" frameY="-303" frameWidth="1920" frameHeight="1080" />
<SubTexture name="lonli down0016" x="1421" y="0" width="287" height="466" frameX="-1322" frameY="-303" frameWidth="1920" frameHeight="1080" />
<SubTexture name="lonli down0017" x="1421" y="0" width="287" height="466" frameX="-1322" frameY="-303" frameWidth="1920" frameHeight="1080" />
<SubTexture name="lonli down0018" x="1421" y="0" width="287" height="466" frameX="-1322" frameY="-303" frameWidth="1920" frameHeight="1080" />
<SubTexture name="lonli down0019" x="1421" y="0" width="287" height="466" frameX="-1322" frameY="-303" frameWidth="1920" frameHeight="1080" />
<SubTexture name="lonli down0020" x="1421" y="0" width="287" height="466" frameX="-1322" frameY="-303" frameWidth="1920" frameHeight="1080" />
<SubTexture name="lonli down0021" x="1421" y="0" width="287" height="466" frameX="-1322" frameY="-303" frameWidth="1920" frameHeight="1080" />
<SubTexture name="lonli down0022" x="1421" y="0" width="287" height="466" frameX="-1322" frameY="-303" frameWidth="1920" frameHeight="1080" />
<SubTexture name="lonli down0023" x="1421" y="0" width="287" height="466" frameX="-1322" frameY="-303" frameWidth="1920" frameHeight="1080" />
<SubTexture name="lonli down0024" x="1421" y="0" width="287" height="466" frameX="-1322" frameY="-303" frameWidth="1920" frameHeight="1080" />
<SubTexture name="lonli idle0000" x="1443" y="2325" width="317" height="436" frameX="-1229" frameY="-332" frameWidth="1920" frameHeight="1080" />
<SubTexture name="lonli idle0001" x="819" y="2325" width="316" height="437" frameX="-1230" frameY="-331" frameWidth="1920" frameHeight="1080" />
<SubTexture name="lonli idle0002" x="2175" y="1872" width="313" height="441" frameX="-1234" frameY="-327" frameWidth="1920" frameHeight="1080" />
<SubTexture name="lonli idle0003" x="2303" y="1354" width="309" height="447" frameX="-1240" frameY="-321" frameWidth="1920" frameHeight="1080" />
<SubTexture name="lonli idle0004" x="1991" y="1362" width="304" height="453" frameX="-1248" frameY="-315" frameWidth="1920" frameHeight="1080" />
<SubTexture name="lonli idle0005" x="293" y="1416" width="302" height="456" frameX="-1254" frameY="-312" frameWidth="1920" frameHeight="1080" />
<SubTexture name="lonli idle0006" x="595" y="1416" width="304" height="455" frameX="-1257" frameY="-312" frameWidth="1920" frameHeight="1080" />
<SubTexture name="lonli idle0007" x="899" y="1416" width="306" height="454" frameX="-1259" frameY="-313" frameWidth="1920" frameHeight="1080" />
<SubTexture name="lonli idle0008" x="1205" y="1416" width="309" height="454" frameX="-1259" frameY="-313" frameWidth="1920" frameHeight="1080" />
<SubTexture name="lonli idle0009" x="2303" y="0" width="310" height="453" frameX="-1260" frameY="-314" frameWidth="1920" frameHeight="1080" />
<SubTexture name="lonli idle0010" x="0" y="1872" width="311" height="453" frameX="-1260" frameY="-314" frameWidth="1920" frameHeight="1080" />
<SubTexture name="lonli idle0011" x="311" y="1872" width="312" height="453" frameX="-1260" frameY="-314" frameWidth="1920" frameHeight="1080" />
<SubTexture name="lonli idle0012" x="1514" y="1416" width="312" height="454" frameX="-1260" frameY="-313" frameWidth="1920" frameHeight="1080" />
<SubTexture name="lonli idle0013" x="1991" y="0" width="312" height="454" frameX="-1260" frameY="-313" frameWidth="1920" frameHeight="1080" />
<SubTexture name="lonli idle0014" x="1991" y="0" width="312" height="454" frameX="-1260" frameY="-313" frameWidth="1920" frameHeight="1080" />
<SubTexture name="lonli idle0015" x="1991" y="0" width="312" height="454" frameX="-1260" frameY="-313" frameWidth="1920" frameHeight="1080" />
<SubTexture name="lonli idle0016" x="1991" y="0" width="312" height="454" frameX="-1260" frameY="-313" frameWidth="1920" frameHeight="1080" />
<SubTexture name="lonli idle0017" x="1991" y="0" width="312" height="454" frameX="-1260" frameY="-313" frameWidth="1920" frameHeight="1080" />
<SubTexture name="lonli idle0018" x="1991" y="0" width="312" height="454" frameX="-1260" frameY="-313" frameWidth="1920" frameHeight="1080" />
<SubTexture name="lonli idle0019" x="1991" y="0" width="312" height="454" frameX="-1260" frameY="-313" frameWidth="1920" frameHeight="1080" />
<SubTexture name="lonli idle0020" x="1991" y="0" width="312" height="454" frameX="-1260" frameY="-313" frameWidth="1920" frameHeight="1080" />
<SubTexture name="lonli idle0021" x="1991" y="0" width="312" height="454" frameX="-1260" frameY="-313" frameWidth="1920" frameHeight="1080" />
<SubTexture name="lonli idle0022" x="1991" y="0" width="312" height="454" frameX="-1260" frameY="-313" frameWidth="1920" frameHeight="1080" />
<SubTexture name="lonli idle0023" x="1991" y="0" width="312" height="454" frameX="-1260" frameY="-313" frameWidth="1920" frameHeight="1080" />
<SubTexture name="lonli idle0024" x="1991" y="0" width="312" height="454" frameX="-1260" frameY="-313" frameWidth="1920" frameHeight="1080" />
<SubTexture name="lonli left0000" x="3135" y="425" width="250" height="424" frameX="-1280" frameY="-343" frameWidth="1920" frameHeight="1080" />
<SubTexture name="lonli left0001" x="2867" y="1284" width="250" height="425" frameX="-1281" frameY="-342" frameWidth="1920" frameHeight="1080" />
<SubTexture name="lonli left0002" x="2867" y="1709" width="252" height="425" frameX="-1281" frameY="-342" frameWidth="1920" frameHeight="1080" />
<SubTexture name="lonli left0003" x="2867" y="857" width="255" height="427" frameX="-1282" frameY="-340" frameWidth="1920" frameHeight="1080" />
<SubTexture name="lonli left0004" x="2867" y="429" width="258" height="428" frameX="-1284" frameY="-339" frameWidth="1920" frameHeight="1080" />
<SubTexture name="lonli left0005" x="2279" y="2325" width="259" height="430" frameX="-1288" frameY="-337" frameWidth="1920" frameHeight="1080" />
<SubTexture name="lonli left0006" x="2538" y="2325" width="258" height="430" frameX="-1292" frameY="-337" frameWidth="1920" frameHeight="1080" />
<SubTexture name="lonli left0007" x="2021" y="2325" width="258" height="434" frameX="-1295" frameY="-333" frameWidth="1920" frameHeight="1080" />
<SubTexture name="lonli left0008" x="563" y="2325" width="256" height="438" frameX="-1298" frameY="-329" frameWidth="1920" frameHeight="1080" />
<SubTexture name="lonli left0009" x="2613" y="0" width="254" height="441" frameX="-1300" frameY="-326" frameWidth="1920" frameHeight="1080" />
<SubTexture name="lonli left0010" x="857" y="479" width="253" height="442" frameX="-1300" frameY="-325" frameWidth="1920" frameHeight="1080" />
<SubTexture name="lonli left0011" x="1148" y="950" width="253" height="442" frameX="-1300" frameY="-325" frameWidth="1920" frameHeight="1080" />
<SubTexture name="lonli left0012" x="1148" y="950" width="253" height="442" frameX="-1300" frameY="-325" frameWidth="1920" frameHeight="1080" />
<SubTexture name="lonli left0013" x="1148" y="950" width="253" height="442" frameX="-1300" frameY="-325" frameWidth="1920" frameHeight="1080" />
<SubTexture name="lonli left0014" x="1148" y="950" width="253" height="442" frameX="-1300" frameY="-325" frameWidth="1920" frameHeight="1080" />
<SubTexture name="lonli left0015" x="1148" y="950" width="253" height="442" frameX="-1300" frameY="-325" frameWidth="1920" frameHeight="1080" />
<SubTexture name="lonli left0016" x="1148" y="950" width="253" height="442" frameX="-1300" frameY="-325" frameWidth="1920" frameHeight="1080" />
<SubTexture name="lonli left0017" x="1148" y="950" width="253" height="442" frameX="-1300" frameY="-325" frameWidth="1920" frameHeight="1080" />
<SubTexture name="lonli left0018" x="1148" y="950" width="253" height="442" frameX="-1300" frameY="-325" frameWidth="1920" frameHeight="1080" />
<SubTexture name="lonli left0019" x="1148" y="950" width="253" height="442" frameX="-1300" frameY="-325" frameWidth="1920" frameHeight="1080" />
<SubTexture name="lonli left0020" x="1148" y="950" width="253" height="442" frameX="-1300" frameY="-325" frameWidth="1920" frameHeight="1080" />
<SubTexture name="lonli left0021" x="1148" y="950" width="253" height="442" frameX="-1300" frameY="-325" frameWidth="1920" frameHeight="1080" />
<SubTexture name="lonli left0022" x="1148" y="950" width="253" height="442" frameX="-1300" frameY="-325" frameWidth="1920" frameHeight="1080" />
<SubTexture name="lonli left0023" x="1148" y="950" width="253" height="442" frameX="-1300" frameY="-325" frameWidth="1920" frameHeight="1080" />
<SubTexture name="lonli left0024" x="1148" y="950" width="253" height="442" frameX="-1300" frameY="-325" frameWidth="1920" frameHeight="1080" />
<SubTexture name="lonli right0000" x="283" y="2764" width="288" height="421" frameX="-1340" frameY="-347" frameWidth="1920" frameHeight="1080" />
<SubTexture name="lonli right0001" x="571" y="2764" width="286" height="421" frameX="-1341" frameY="-347" frameWidth="1920" frameHeight="1080" />
<SubTexture name="lonli right0002" x="0" y="2764" width="283" height="422" frameX="-1342" frameY="-346" frameWidth="1920" frameHeight="1080" />
<SubTexture name="lonli right0003" x="3135" y="0" width="276" height="425" frameX="-1345" frameY="-343" frameWidth="1920" frameHeight="1080" />
<SubTexture name="lonli right0004" x="2867" y="0" width="268" height="429" frameX="-1348" frameY="-339" frameWidth="1920" frameHeight="1080" />
<SubTexture name="lonli right0005" x="1760" y="2325" width="261" height="435" frameX="-1350" frameY="-332" frameWidth="1920" frameHeight="1080" />
<SubTexture name="lonli right0006" x="0" y="2325" width="256" height="439" frameX="-1350" frameY="-328" frameWidth="1920" frameHeight="1080" />
<SubTexture name="lonli right0007" x="2613" y="441" width="252" height="441" frameX="-1350" frameY="-326" frameWidth="1920" frameHeight="1080" />
<SubTexture name="lonli right0008" x="927" y="1872" width="250" height="442" frameX="-1349" frameY="-325" frameWidth="1920" frameHeight="1080" />
<SubTexture name="lonli right0009" x="1177" y="1872" width="250" height="442" frameX="-1348" frameY="-325" frameWidth="1920" frameHeight="1080" />
<SubTexture name="lonli right0010" x="1427" y="1872" width="250" height="442" frameX="-1348" frameY="-325" frameWidth="1920" frameHeight="1080" />
<SubTexture name="lonli right0011" x="1677" y="1872" width="249" height="442" frameX="-1348" frameY="-325" frameWidth="1920" frameHeight="1080" />
<SubTexture name="lonli right0012" x="1926" y="1872" width="249" height="442" frameX="-1348" frameY="-325" frameWidth="1920" frameHeight="1080" />
<SubTexture name="lonli right0013" x="1926" y="1872" width="249" height="442" frameX="-1348" frameY="-325" frameWidth="1920" frameHeight="1080" />
<SubTexture name="lonli right0014" x="1926" y="1872" width="249" height="442" frameX="-1348" frameY="-325" frameWidth="1920" frameHeight="1080" />
<SubTexture name="lonli right0015" x="1926" y="1872" width="249" height="442" frameX="-1348" frameY="-325" frameWidth="1920" frameHeight="1080" />
<SubTexture name="lonli right0016" x="1926" y="1872" width="249" height="442" frameX="-1348" frameY="-325" frameWidth="1920" frameHeight="1080" />
<SubTexture name="lonli right0017" x="1926" y="1872" width="249" height="442" frameX="-1348" frameY="-325" frameWidth="1920" frameHeight="1080" />
<SubTexture name="lonli right0018" x="1926" y="1872" width="249" height="442" frameX="-1348" frameY="-325" frameWidth="1920" frameHeight="1080" />
<SubTexture name="lonli right0019" x="1926" y="1872" width="249" height="442" frameX="-1348" frameY="-325" frameWidth="1920" frameHeight="1080" />
<SubTexture name="lonli right0020" x="1926" y="1872" width="249" height="442" frameX="-1348" frameY="-325" frameWidth="1920" frameHeight="1080" />
<SubTexture name="lonli right0021" x="1926" y="1872" width="249" height="442" frameX="-1348" frameY="-325" frameWidth="1920" frameHeight="1080" />
<SubTexture name="lonli right0022" x="1926" y="1872" width="249" height="442" frameX="-1348" frameY="-325" frameWidth="1920" frameHeight="1080" />
<SubTexture name="lonli right0023" x="1926" y="1872" width="249" height="442" frameX="-1348" frameY="-325" frameWidth="1920" frameHeight="1080" />
<SubTexture name="lonli right0024" x="1926" y="1872" width="249" height="442" frameX="-1348" frameY="-325" frameWidth="1920" frameHeight="1080" />
<SubTexture name="lonli up0000" x="0" y="0" width="283" height="479" frameX="-1308" frameY="-286" frameWidth="1920" frameHeight="1080" />
<SubTexture name="lonli up0001" x="283" y="0" width="283" height="479" frameX="-1308" frameY="-286" frameWidth="1920" frameHeight="1080" />
<SubTexture name="lonli up0002" x="566" y="0" width="284" height="477" frameX="-1307" frameY="-288" frameWidth="1920" frameHeight="1080" />
<SubTexture name="lonli up0003" x="850" y="0" width="285" height="474" frameX="-1306" frameY="-291" frameWidth="1920" frameHeight="1080" />
<SubTexture name="lonli up0004" x="0" y="479" width="286" height="471" frameX="-1304" frameY="-294" frameWidth="1920" frameHeight="1080" />
<SubTexture name="lonli up0005" x="286" y="479" width="286" height="467" frameX="-1302" frameY="-299" frameWidth="1920" frameHeight="1080" />
<SubTexture name="lonli up0006" x="1135" y="466" width="285" height="462" frameX="-1301" frameY="-304" frameWidth="1920" frameHeight="1080" />
<SubTexture name="lonli up0007" x="1708" y="0" width="283" height="459" frameX="-1300" frameY="-307" frameWidth="1920" frameHeight="1080" />
<SubTexture name="lonli up0008" x="1708" y="459" width="283" height="456" frameX="-1299" frameY="-310" frameWidth="1920" frameHeight="1080" />
<SubTexture name="lonli up0009" x="1708" y="915" width="281" height="455" frameX="-1299" frameY="-311" frameWidth="1920" frameHeight="1080" />
<SubTexture name="lonli up0010" x="1991" y="454" width="281" height="454" frameX="-1299" frameY="-312" frameWidth="1920" frameHeight="1080" />
<SubTexture name="lonli up0011" x="1991" y="908" width="281" height="454" frameX="-1299" frameY="-312" frameWidth="1920" frameHeight="1080" />
<SubTexture name="lonli up0012" x="2303" y="453" width="281" height="453" frameX="-1299" frameY="-313" frameWidth="1920" frameHeight="1080" />
<SubTexture name="lonli up0013" x="2303" y="453" width="281" height="453" frameX="-1299" frameY="-313" frameWidth="1920" frameHeight="1080" />
</TextureAtlas>
