<?xml version="1.0" encoding="utf-8"?>
<TextureAtlas imagePath="redDiscord.png">
	<SubTexture name="down0000" x="0" y="0" width="200" height="200"/>
	<SubTexture name="down0001" x="0" y="0" width="200" height="200"/>
	<SubTexture name="down0002" x="200" y="0" width="200" height="200"/>
	<SubTexture name="down0003" x="200" y="0" width="200" height="200"/>
	<SubTexture name="down0004" x="400" y="0" width="200" height="200"/>
	<SubTexture name="down0005" x="400" y="0" width="200" height="200"/>
	<SubTexture name="down0006" x="600" y="0" width="200" height="200"/>
	<SubTexture name="idle0000" x="0" y="200" width="200" height="200"/>
	<SubTexture name="idle0001" x="0" y="200" width="200" height="200"/>
	<SubTexture name="idle0002" x="200" y="200" width="200" height="200"/>
	<SubTexture name="idle0003" x="200" y="200" width="200" height="200"/>
	<SubTexture name="idle0004" x="400" y="200" width="200" height="200"/>
	<SubTexture name="idle0005" x="400" y="200" width="200" height="200"/>
	<SubTexture name="idle0006" x="600" y="200" width="200" height="200"/>
	<SubTexture name="left0000" x="0" y="400" width="200" height="200"/>
	<SubTexture name="left0001" x="0" y="400" width="200" height="200"/>
	<SubTexture name="left0002" x="200" y="400" width="200" height="200"/>
	<SubTexture name="left0003" x="200" y="400" width="200" height="200"/>
	<SubTexture name="left0004" x="400" y="400" width="200" height="200"/>
	<SubTexture name="left0005" x="400" y="400" width="200" height="200"/>
	<SubTexture name="left0006" x="600" y="400" width="200" height="200"/>
	<SubTexture name="right0000" x="0" y="600" width="200" height="200"/>
	<SubTexture name="right0001" x="0" y="600" width="200" height="200"/>
	<SubTexture name="right0002" x="200" y="600" width="200" height="200"/>
	<SubTexture name="right0003" x="200" y="600" width="200" height="200"/>
	<SubTexture name="right0004" x="400" y="600" width="200" height="200"/>
	<SubTexture name="right0005" x="400" y="600" width="200" height="200"/>
	<SubTexture name="right0006" x="600" y="600" width="200" height="200"/>
	<SubTexture name="up0000" x="800" y="0" width="200" height="200"/>
	<SubTexture name="up0001" x="800" y="0" width="200" height="200"/>
	<SubTexture name="up0002" x="800" y="200" width="200" height="200"/>
	<SubTexture name="up0003" x="800" y="200" width="200" height="200"/>
	<SubTexture name="up0004" x="800" y="400" width="200" height="200"/>
	<SubTexture name="up0005" x="800" y="400" width="200" height="200"/>
	<SubTexture name="up0006" x="800" y="600" width="200" height="200"/>
</TextureAtlas>