{"song":{"song":"Blue","needsVoices":true,"notes":[{"changeBPM":false,"altAnim":false,"mustHitSection":false,"typeOfSection":0,"sectionNotes":[[0,2,0,"noAnimInvisIgnoreNote"]],"sectionBeats":4,"gfSection":false,"bpm":150},{"changeBPM":false,"altAnim":false,"mustHitSection":false,"typeOfSection":0,"sectionNotes":[],"sectionBeats":4,"gfSection":false,"bpm":150},{"changeBPM":false,"altAnim":false,"mustHitSection":true,"typeOfSection":0,"sectionNotes":[],"sectionBeats":4,"gfSection":false,"bpm":150},{"changeBPM":false,"altAnim":false,"mustHitSection":true,"typeOfSection":0,"sectionNotes":[],"sectionBeats":4,"gfSection":false,"bpm":150},{"changeBPM":false,"altAnim":false,"mustHitSection":false,"typeOfSection":0,"sectionNotes":[],"sectionBeats":4,"gfSection":false,"bpm":150},{"changeBPM":false,"altAnim":false,"mustHitSection":false,"typeOfSection":0,"sectionNotes":[],"sectionBeats":4,"gfSection":false,"bpm":150},{"changeBPM":false,"altAnim":false,"mustHitSection":true,"typeOfSection":0,"sectionNotes":[],"sectionBeats":4,"gfSection":false,"bpm":150},{"changeBPM":false,"altAnim":false,"mustHitSection":true,"typeOfSection":0,"sectionNotes":[],"sectionBeats":4,"gfSection":false,"bpm":150},{"changeBPM":false,"altAnim":false,"mustHitSection":false,"typeOfSection":0,"sectionNotes":[[10666.6666666667,0,0],[10833.3333333333,0,0],[11166.6666666667,1,0],[11500,3,0],[11833.3333333333,2,168],[10666.6666666667,5,0],[11166.6666666667,4,0],[11833.3333333333,5,0]],"sectionBeats":4,"gfSection":false,"bpm":150},{"changeBPM":false,"altAnim":false,"mustHitSection":false,"typeOfSection":0,"sectionNotes":[[12166.6666666667,1,0],[12500,1,0],[12666.6666666667,0,0],[12833.3333333333,3,0],[13000,2,0],[13166.6666666667,0,0],[12500,7,0],[12666.6666666667,6,0],[12833.3333333333,7,0],[13000,4,0],[13166.6666666667,5,0]],"sectionBeats":4,"gfSection":false,"bpm":150},{"changeBPM":false,"altAnim":false,"mustHitSection":false,"typeOfSection":0,"sectionNotes":[[13333.3333333333,1,0],[13666.6666666667,1,0],[13833.3333333333,3,0],[14166.6666666667,3,0],[14500,2,0],[13333.3333333333,4,0],[13833.3333333333,7,0],[14500,6,0]],"sectionBeats":4,"gfSection":false,"bpm":150},{"changeBPM":false,"altAnim":false,"mustHitSection":false,"typeOfSection":0,"sectionNotes":[[14833.3333333333,2,0],[15166.6666666667,1,0],[15333.3333333333,3,0],[15500,0,0],[15666.6666666667,2,0],[15833.3333333333,1,0],[15166.6666666667,5,0],[15333.3333333333,5,0],[15500,4,0],[15666.6666666667,5,168]],"sectionBeats":4,"gfSection":false,"bpm":150},{"changeBPM":false,"altAnim":false,"mustHitSection":false,"typeOfSection":0,"sectionNotes":[[16000,0,0],[16166.6666666667,0,0],[16500,1,0],[16833.3333333333,3,0],[17166.6666666667,2,168],[16000,5,0],[16500,4,0],[17166.6666666667,5,0]],"sectionBeats":4,"gfSection":false,"bpm":150},{"changeBPM":false,"altAnim":false,"mustHitSection":false,"typeOfSection":0,"sectionNotes":[[17500,1,0],[17833.3333333333,1,0],[18000,0,0],[18166.6666666667,3,0],[18333.3333333333,2,0],[18500,0,0],[17833.3333333333,7,0],[18000,6,0],[18166.6666666667,7,0],[18333.3333333333,4,0],[18500,5,0]],"sectionBeats":4,"gfSection":false,"bpm":150},{"changeBPM":false,"altAnim":false,"mustHitSection":false,"typeOfSection":0,"sectionNotes":[[18666.6666666667,1,0],[19000,1,0],[19166.6666666667,3,0],[19500,3,0],[19833.3333333333,2,0],[18666.6666666667,4,0],[19166.6666666667,7,0],[19833.3333333333,6,0]],"sectionBeats":4,"gfSection":false,"bpm":150},{"changeBPM":false,"altAnim":false,"mustHitSection":false,"typeOfSection":0,"sectionNotes":[[20166.6666666667,2,0],[20500,1,0],[20666.6666666667,3,0],[20833.3333333333,0,0],[21000,2,0],[21166.6666666667,1,0],[20500,5,0],[20666.6666666667,5,0],[20833.3333333333,4,0],[21000,5,168]],"sectionBeats":4,"gfSection":false,"bpm":150},{"changeBPM":false,"altAnim":false,"mustHitSection":true,"typeOfSection":0,"sectionNotes":[[21333.3333333333,0,0],[21500,0,0],[21833.3333333333,1,0],[22166.6666666667,3,0],[22500,2,168],[21333.3333333333,5,0],[21833.3333333333,4,0],[22500,5,0]],"sectionBeats":4,"gfSection":false,"bpm":150},{"changeBPM":false,"altAnim":false,"mustHitSection":true,"typeOfSection":0,"sectionNotes":[[22833.3333333333,1,0],[23166.6666666667,1,0],[23333.3333333333,0,0],[23500,3,0],[23666.6666666667,2,0],[23833.3333333333,0,0],[23166.6666666667,7,0],[23333.3333333333,6,0],[23500,7,0],[23666.6666666667,4,0],[23833.3333333333,5,0]],"sectionBeats":4,"gfSection":false,"bpm":150},{"changeBPM":false,"altAnim":false,"mustHitSection":true,"typeOfSection":0,"sectionNotes":[[24000,1,0],[24333.3333333333,1,0],[24500,3,0],[24833.3333333333,3,0],[25166.6666666667,2,0],[24000,4,0],[24500,7,0],[25166.6666666667,6,0]],"sectionBeats":4,"gfSection":false,"bpm":150},{"changeBPM":false,"altAnim":false,"mustHitSection":true,"typeOfSection":0,"sectionNotes":[[25500,2,0],[25833.3333333333,1,0],[26000,3,0],[26166.6666666667,0,0],[26333.3333333333,2,0],[26500,1,0],[25833.3333333333,5,0],[26000,5,0],[26166.6666666667,4,0],[26333.3333333333,5,168]],"sectionBeats":4,"gfSection":false,"bpm":150},{"changeBPM":false,"altAnim":false,"mustHitSection":true,"typeOfSection":0,"sectionNotes":[[26666.6666666667,0,0],[26833.3333333333,0,0],[27166.6666666667,1,0],[27500,3,0],[27833.3333333333,2,168],[26666.6666666667,5,0],[27166.6666666667,4,0],[27833.3333333333,5,0]],"sectionBeats":4,"gfSection":false,"bpm":150},{"changeBPM":false,"altAnim":false,"mustHitSection":true,"typeOfSection":0,"sectionNotes":[[28166.6666666667,1,0],[28500,1,0],[28666.6666666667,0,0],[28833.3333333333,3,0],[29000,2,0],[29166.6666666667,0,0],[28500,7,0],[28666.6666666667,6,0],[28833.3333333333,7,0],[29000,4,0],[29166.6666666667,5,0]],"sectionBeats":4,"gfSection":false,"bpm":150},{"changeBPM":false,"altAnim":false,"mustHitSection":true,"typeOfSection":0,"sectionNotes":[[29333.3333333333,1,0],[29666.6666666667,1,0],[29833.3333333333,3,0],[30166.6666666667,3,0],[30500,2,0],[29333.3333333333,4,0],[29833.3333333333,7,0],[30500,6,0]],"sectionBeats":4,"gfSection":false,"bpm":150},{"changeBPM":false,"altAnim":false,"mustHitSection":true,"typeOfSection":0,"sectionNotes":[[30833.3333333333,2,0],[31166.6666666667,1,0],[31333.3333333333,3,0],[31500,0,0],[31666.6666666667,2,0],[31833.3333333333,1,0],[31166.6666666667,5,0],[31333.3333333333,5,0],[31500,4,0],[31666.6666666667,5,168]],"sectionBeats":4,"gfSection":false,"bpm":150},{"changeBPM":false,"altAnim":false,"mustHitSection":false,"typeOfSection":0,"sectionNotes":[[32000,0,0],[32166.6666666667,3,0],[32333.3333333333,1,0],[32500,2,0],[32666.6666666667,0,0],[32833.3333333333,1,0],[33000,3,0],[33166.6666666667,2,0]],"sectionBeats":4,"gfSection":false,"bpm":150},{"changeBPM":false,"altAnim":false,"mustHitSection":false,"typeOfSection":0,"sectionNotes":[[33333.3333333333,1,0],[33500,2,0],[33666.6666666667,1,0],[33833.3333333333,2,0],[34000,3,210],[34333.3333333333,0,210]],"sectionBeats":4,"gfSection":false,"bpm":150},{"changeBPM":false,"altAnim":false,"mustHitSection":false,"typeOfSection":0,"sectionNotes":[[34666.6666666667,1,0],[34833.3333333333,2,0],[35000,3,0],[35166.6666666667,2,0],[35333.3333333333,1,0],[35500,2,0],[35666.6666666667,3,0],[35833.3333333333,0,0]],"sectionBeats":4,"gfSection":false,"bpm":150},{"changeBPM":false,"altAnim":false,"mustHitSection":false,"typeOfSection":0,"sectionNotes":[[36000,1,0],[36166.6666666667,0,0],[36333.3333333333,2,0],[36500,1,0],[36666.6666666667,3,0],[36833.3333333333,2,0],[37000,0,0],[37166.6666666667,1,0]],"sectionBeats":4,"gfSection":false,"bpm":150},{"changeBPM":false,"altAnim":false,"mustHitSection":false,"typeOfSection":0,"sectionNotes":[[37333.3333333333,3,0],[37500,3,0],[37666.6666666667,0,210],[38000,2,210],[38333.3333333333,3,210]],"sectionBeats":4,"gfSection":false,"bpm":150},{"changeBPM":false,"altAnim":false,"mustHitSection":false,"typeOfSection":0,"sectionNotes":[[38833.3333333333,1,0],[39000,0,0],[39166.6666666667,2,0],[39333.3333333333,2,210],[39666.6666666667,3,210]],"sectionBeats":4,"gfSection":false,"bpm":150},{"changeBPM":false,"altAnim":false,"mustHitSection":false,"typeOfSection":0,"sectionNotes":[[40000,1,0],[40166.6666666667,0,0],[40333.3333333333,3,0],[40500,0,0],[40666.6666666667,1,0],[40833.3333333333,3,0],[41000,2,0],[41166.6666666667,3,0]],"sectionBeats":4,"gfSection":false,"bpm":150},{"changeBPM":false,"altAnim":false,"mustHitSection":false,"typeOfSection":0,"sectionNotes":[[41333.3333333333,0,210],[41666.6666666667,2,210],[42000,1,210],[42333.3333333333,3,210],[42333.3333333333,7,210]],"sectionBeats":4,"gfSection":false,"bpm":150},{"changeBPM":false,"altAnim":false,"mustHitSection":true,"typeOfSection":0,"sectionNotes":[[42666.6666666667,0,0],[42833.3333333333,3,0],[43000,1,0],[43166.6666666667,2,0],[43333.3333333333,0,0],[43500,1,0],[43666.6666666666,3,0],[43833.3333333333,2,0]],"sectionBeats":4,"gfSection":false,"bpm":150},{"changeBPM":false,"altAnim":false,"mustHitSection":true,"typeOfSection":0,"sectionNotes":[[44000,1,0],[44166.6666666666,2,0],[44333.3333333333,1,0],[44500,2,0],[44666.6666666666,3,210],[45000,0,210]],"sectionBeats":4,"gfSection":false,"bpm":150},{"changeBPM":false,"altAnim":false,"mustHitSection":true,"typeOfSection":0,"sectionNotes":[[45333.3333333333,1,0],[45500,2,0],[45666.6666666667,3,0],[45833.3333333333,2,0],[46000,1,0],[46166.6666666667,2,0],[46333.3333333333,3,0],[46500,0,0]],"sectionBeats":4,"gfSection":false,"bpm":150},{"changeBPM":false,"altAnim":false,"mustHitSection":true,"typeOfSection":0,"sectionNotes":[[46666.6666666667,1,0],[46833.3333333333,0,0],[47000,2,0],[47166.6666666667,1,0],[47333.3333333333,3,0],[47500,2,0],[47666.6666666667,0,0],[47833.3333333333,1,0]],"sectionBeats":4,"gfSection":false,"bpm":150},{"changeBPM":false,"altAnim":false,"mustHitSection":true,"typeOfSection":0,"sectionNotes":[[48000,3,0],[48166.6666666667,3,0],[48333.3333333333,0,210],[48666.6666666667,2,210],[49000,3,210]],"sectionBeats":4,"gfSection":false,"bpm":150},{"changeBPM":false,"altAnim":false,"mustHitSection":true,"typeOfSection":0,"sectionNotes":[[49500,1,0],[49666.6666666667,0,0],[49833.3333333333,2,0],[50000,2,210],[50333.3333333333,3,210]],"sectionBeats":4,"gfSection":false,"bpm":150},{"changeBPM":false,"altAnim":false,"mustHitSection":true,"typeOfSection":0,"sectionNotes":[[50666.6666666667,1,0],[50833.3333333333,0,0],[51000,3,0],[51166.6666666667,0,0],[51333.3333333333,1,0],[51500,3,0],[51666.6666666667,2,0],[51833.3333333333,3,0]],"sectionBeats":4,"gfSection":false,"bpm":150},{"changeBPM":false,"altAnim":false,"mustHitSection":true,"typeOfSection":0,"sectionNotes":[[52000,0,210],[52333.3333333333,2,210],[52666.6666666667,1,210],[53000,3,210],[52333.3333333334,4,210],[52666.6666666667,5,210],[53000,6,210]],"sectionBeats":4,"gfSection":false,"bpm":150},{"changeBPM":false,"altAnim":false,"mustHitSection":false,"typeOfSection":0,"sectionNotes":[[53333.3333333334,3,840],[53333.3333333334,6,840]],"sectionBeats":4,"gfSection":false,"bpm":150},{"changeBPM":false,"altAnim":false,"mustHitSection":false,"typeOfSection":0,"sectionNotes":[[55000,1,0],[55333.3333333334,0,0],[55666.6666666667,3,0]],"sectionBeats":4,"gfSection":false,"bpm":150},{"changeBPM":false,"altAnim":false,"mustHitSection":false,"typeOfSection":0,"sectionNotes":[[56000,1,378],[56500,0,546],[57166.6666666667,3,546]],"sectionBeats":4,"gfSection":false,"bpm":150},{"changeBPM":false,"altAnim":false,"mustHitSection":false,"typeOfSection":0,"sectionNotes":[[57833.3333333334,0,588]],"sectionBeats":4,"gfSection":false,"bpm":150},{"changeBPM":false,"altAnim":false,"mustHitSection":true,"typeOfSection":0,"sectionNotes":[[58666.6666666667,3,840]],"sectionBeats":4,"gfSection":false,"bpm":150},{"changeBPM":false,"altAnim":false,"mustHitSection":true,"typeOfSection":0,"sectionNotes":[[60333.3333333334,1,0],[60666.6666666667,0,0],[61000,3,0]],"sectionBeats":4,"gfSection":false,"bpm":150},{"changeBPM":false,"altAnim":false,"mustHitSection":true,"typeOfSection":0,"sectionNotes":[[61333.3333333334,1,378],[61833.3333333334,0,546],[62500,3,546]],"sectionBeats":4,"gfSection":false,"bpm":150},{"changeBPM":false,"altAnim":false,"mustHitSection":true,"typeOfSection":0,"sectionNotes":[[63166.6666666667,0,588]],"sectionBeats":4,"gfSection":false,"bpm":150},{"changeBPM":false,"altAnim":false,"mustHitSection":false,"typeOfSection":0,"sectionNotes":[[64000,3,0],[64500,0,0],[64666.6666666667,3,0],[65166.6666666667,0,0]],"sectionBeats":4,"gfSection":false,"bpm":150},{"changeBPM":false,"altAnim":false,"mustHitSection":false,"typeOfSection":0,"sectionNotes":[[65333.3333333334,1,0],[65500,2,0],[65666.6666666667,1,0],[65833.3333333334,2,0],[66000,3,0],[66166.6666666667,0,0],[66333.3333333334,3,0],[66500,2,0]],"sectionBeats":4,"gfSection":false,"bpm":150},{"changeBPM":false,"altAnim":false,"mustHitSection":false,"typeOfSection":0,"sectionNotes":[[66666.6666666667,3,0],[67166.6666666667,0,0],[67333.3333333334,3,0],[67833.3333333334,0,0]],"sectionBeats":4,"gfSection":false,"bpm":150},{"changeBPM":false,"altAnim":false,"mustHitSection":false,"typeOfSection":0,"sectionNotes":[[68000,1,0],[68166.6666666667,2,0],[68333.3333333334,1,0],[68500,2,0],[68666.6666666667,3,0],[68833.3333333334,0,0],[69000,3,0],[69166.6666666667,2,0]],"sectionBeats":4,"gfSection":false,"bpm":150},{"changeBPM":false,"altAnim":false,"mustHitSection":true,"typeOfSection":0,"sectionNotes":[[69333.3333333334,5,0],[69666.6666666667,5,0],[69833.3333333334,6,0],[70166.6666666667,6,0],[70500,4,0],[69333.3333333334,3,0],[69833.3333333334,0,0],[70000.0000000001,3,0],[70500.0000000001,0,0]],"sectionBeats":4,"gfSection":false,"bpm":150},{"changeBPM":false,"altAnim":false,"mustHitSection":true,"typeOfSection":0,"sectionNotes":[[70833.3333333334,4,0],[71166.6666666667,7,0],[71500,7,0],[71666.6666666667,5,210],[70666.6666666667,1,0],[70833.3333333334,2,0],[71000,1,0],[71166.6666666667,2,0],[71333.3333333334,3,0],[71500,0,0],[71666.6666666667,3,0],[71833.3333333334,2,0]],"sectionBeats":4,"gfSection":false,"bpm":150},{"changeBPM":false,"altAnim":false,"mustHitSection":true,"typeOfSection":0,"sectionNotes":[[72000,5,0],[72333.3333333334,5,0],[72500,6,0],[72833.3333333334,6,0],[73166.6666666667,4,0],[72000.0000000001,3,0],[72500.0000000001,0,0],[72666.6666666667,3,0],[73166.6666666667,0,0]],"sectionBeats":4,"gfSection":false,"bpm":150},{"changeBPM":false,"altAnim":false,"mustHitSection":true,"typeOfSection":0,"sectionNotes":[[73500,4,0],[73833.3333333334,7,0],[74166.6666666667,7,0],[74333.3333333334,5,210],[73333.3333333334,1,0],[73500.0000000001,2,0],[73666.6666666667,1,0],[73833.3333333334,2,0],[74000.0000000001,3,0],[74166.6666666667,0,0],[74333.3333333334,3,0],[74500.0000000001,2,0]],"sectionBeats":4,"gfSection":false,"bpm":150},{"changeBPM":false,"altAnim":false,"mustHitSection":false,"typeOfSection":0,"sectionNotes":[[75333.3333333334,0,0],[75666.6666666667,2,0],[75000,5,210],[75333.3333333334,7,210],[75666.6666666667,6,210]],"sectionBeats":4,"gfSection":false,"bpm":150},{"changeBPM":false,"altAnim":false,"mustHitSection":false,"typeOfSection":0,"sectionNotes":[[76166.6666666667,1,0],[76333.3333333333,3,0],[76666.6666666667,2,0],[77000,3,0],[76000,4,546],[76666.6666666667,5,546]],"sectionBeats":4,"gfSection":false,"bpm":150},{"changeBPM":false,"altAnim":false,"mustHitSection":false,"typeOfSection":0,"sectionNotes":[[77666.6666666667,1,0],[78000,0,210],[78333.3333333333,3,210],[77333.3333333333,4,336],[77833.3333333333,4,336],[78333.3333333333,5,0]],"sectionBeats":4,"gfSection":false,"bpm":150},{"changeBPM":false,"altAnim":false,"mustHitSection":false,"typeOfSection":0,"sectionNotes":[[78666.6666666667,0,0],[78833.3333333333,0,0],[79000,3,210],[79333.3333333333,2,210],[79666.6666666667,3,210],[78666.6666666667,4,546],[79333.3333333333,6,546]],"sectionBeats":4,"gfSection":false,"bpm":150},{"changeBPM":false,"altAnim":false,"mustHitSection":false,"typeOfSection":0,"sectionNotes":[[80000,2,546],[80666.6666666667,1,546],[80000,7,546],[80666.6666666667,5,546]],"sectionBeats":4,"gfSection":false,"bpm":150},{"changeBPM":false,"altAnim":false,"mustHitSection":false,"typeOfSection":0,"sectionNotes":[[82000,1,546],[81333.3333333333,0,546],[81333.3333333333,4,546],[82000,6,546]],"sectionBeats":4,"gfSection":false,"bpm":150},{"changeBPM":false,"altAnim":false,"mustHitSection":false,"typeOfSection":0,"sectionNotes":[[82666.6666666667,2,588],[82666.6666666667,4,546],[83333.3333333333,6,546]],"sectionBeats":4,"gfSection":false,"bpm":150},{"changeBPM":false,"altAnim":false,"mustHitSection":false,"typeOfSection":0,"sectionNotes":[[84000,2,378],[84500,0,0],[84583.3333333333,1,0],[84666.6666666667,3,546],[84000,4,378],[84500,5,0],[84583.3333333333,6,0],[84666.6666666667,7,546]],"sectionBeats":4,"gfSection":false,"bpm":150},{"changeBPM":false,"altAnim":false,"mustHitSection":true,"typeOfSection":0,"sectionNotes":[[86000,0,0],[86333.3333333334,2,0],[85666.6666666667,5,210],[86000,7,210],[86333.3333333334,6,210]],"sectionBeats":4,"gfSection":false,"bpm":150},{"changeBPM":false,"altAnim":false,"mustHitSection":true,"typeOfSection":0,"sectionNotes":[[87000,3,0],[87333.3333333334,2,0],[87666.6666666667,3,0],[86666.6666666667,4,546],[87333.3333333334,5,546]],"sectionBeats":4,"gfSection":false,"bpm":150},{"changeBPM":false,"altAnim":false,"mustHitSection":true,"typeOfSection":0,"sectionNotes":[[88333.3333333333,1,0],[88666.6666666667,0,210],[89000,3,210],[88000,4,336],[88500,4,336],[89000,5,0]],"sectionBeats":4,"gfSection":false,"bpm":150},{"changeBPM":false,"altAnim":false,"mustHitSection":true,"typeOfSection":0,"sectionNotes":[[89333.3333333333,0,0],[89500,0,0],[89666.6666666667,3,210],[90000,2,210],[90333.3333333333,3,210],[89333.3333333333,4,546],[90000,6,546]],"sectionBeats":4,"gfSection":false,"bpm":150},{"changeBPM":false,"altAnim":false,"mustHitSection":true,"typeOfSection":0,"sectionNotes":[[90666.6666666667,2,546],[91333.3333333333,1,546],[90666.6666666667,7,546],[91333.3333333333,5,546]],"sectionBeats":4,"gfSection":false,"bpm":150},{"changeBPM":false,"altAnim":false,"mustHitSection":true,"typeOfSection":0,"sectionNotes":[[92666.6666666667,1,546],[92000,0,546],[92000,4,546],[92666.6666666667,6,546]],"sectionBeats":4,"gfSection":false,"bpm":150},{"changeBPM":false,"altAnim":false,"mustHitSection":true,"typeOfSection":0,"sectionNotes":[[93333.3333333333,2,588],[93333.3333333333,6,798]],"sectionBeats":4,"gfSection":false,"bpm":150},{"changeBPM":false,"altAnim":false,"mustHitSection":true,"typeOfSection":0,"sectionNotes":[[94666.6666666666,2,0],[94833.3333333333,2,0],[94999.9999999999,2,0],[95666.6666666666,7,126,"No Animation"],[95333.3333333333,7,0,"No Animation"],[95499.9999999999,7,0,"No Animation"]],"sectionBeats":4,"gfSection":false,"bpm":150},{"changeBPM":false,"altAnim":false,"mustHitSection":false,"typeOfSection":0,"sectionNotes":[[95999.9999999999,0,0],[96166.6666666666,1,0],[96333.3333333333,3,0],[96499.9999999999,0,0],[96666.6666666666,2,0],[96833.3333333333,0,0],[96999.9999999999,3,0],[97166.6666666666,2,0]],"sectionBeats":4,"gfSection":false,"bpm":150},{"changeBPM":false,"altAnim":false,"mustHitSection":false,"typeOfSection":0,"sectionNotes":[[97333.3333333333,0,0],[97499.9999999999,3,0],[97666.6666666666,0,0],[97833.3333333333,1,0],[97999.9999999999,2,0],[98166.6666666666,1,0],[98333.3333333333,2,0],[98499.9999999999,1,0]],"sectionBeats":4,"gfSection":false,"bpm":150},{"changeBPM":false,"altAnim":false,"mustHitSection":false,"typeOfSection":0,"sectionNotes":[[98666.6666666666,0,0],[98833.3333333333,3,0],[98999.9999999999,2,0],[99166.6666666666,1,0],[99333.3333333333,3,0],[99499.9999999999,0,0],[99666.6666666666,1,0],[99833.3333333333,2,0]],"sectionBeats":4,"gfSection":false,"bpm":150},{"changeBPM":false,"altAnim":false,"mustHitSection":false,"typeOfSection":0,"sectionNotes":[[99999.9999999999,3,0],[100166.666666667,2,0],[100333.333333333,3,0],[100500,2,0],[100666.666666667,0,0],[100833.333333333,1,0],[101000,0,0],[101166.666666667,1,0]],"sectionBeats":4,"gfSection":false,"bpm":150},{"changeBPM":false,"altAnim":false,"mustHitSection":false,"typeOfSection":0,"sectionNotes":[[101333.333333333,3,0],[101500,3,0],[101666.666666667,2,0],[102000,0,0],[102333.333333333,2,0]],"sectionBeats":4,"gfSection":false,"bpm":150},{"changeBPM":false,"altAnim":false,"mustHitSection":false,"typeOfSection":0,"sectionNotes":[[102666.666666667,1,0],[102833.333333333,1,0],[103000,0,0],[103166.666666667,3,0],[103333.333333333,3,210],[103666.666666667,2,210]],"sectionBeats":4,"gfSection":false,"bpm":150},{"changeBPM":false,"altAnim":false,"mustHitSection":false,"typeOfSection":0,"sectionNotes":[[104000,0,0],[104166.666666667,1,0],[104333.333333333,3,0],[104500,1,0],[104666.666666667,2,0],[104833.333333333,0,0],[105000,1,0],[105166.666666667,3,0]],"sectionBeats":4,"gfSection":false,"bpm":150},{"changeBPM":false,"altAnim":false,"mustHitSection":false,"typeOfSection":0,"sectionNotes":[[105333.333333333,2,210],[105666.666666667,0,210],[106000,1,210],[106333.333333333,3,210]],"sectionBeats":4,"gfSection":false,"bpm":150},{"changeBPM":false,"altAnim":false,"mustHitSection":true,"typeOfSection":0,"sectionNotes":[[106666.666666667,0,0],[106833.333333333,1,0],[107000,3,0],[107166.666666667,0,0],[107333.333333333,2,0],[107500,0,0],[107666.666666667,3,0],[107833.333333333,2,0]],"sectionBeats":4,"gfSection":false,"bpm":150},{"changeBPM":false,"altAnim":false,"mustHitSection":true,"typeOfSection":0,"sectionNotes":[[108000,0,0],[108166.666666667,3,0],[108333.333333333,0,0],[108500,1,0],[108666.666666667,2,0],[108833.333333333,1,0],[109000,2,0],[109166.666666667,1,0]],"sectionBeats":4,"gfSection":false,"bpm":150},{"changeBPM":false,"altAnim":false,"mustHitSection":true,"typeOfSection":0,"sectionNotes":[[109333.333333333,0,0],[109500,3,0],[109666.666666667,2,0],[109833.333333333,1,0],[110000,3,0],[110166.666666667,0,0],[110333.333333333,1,0],[110500,2,0]],"sectionBeats":4,"gfSection":false,"bpm":150},{"changeBPM":false,"altAnim":false,"mustHitSection":true,"typeOfSection":0,"sectionNotes":[[110666.666666667,3,0],[110833.333333333,2,0],[111000,3,0],[111166.666666667,2,0],[111333.333333333,0,0],[111500,1,0],[111666.666666667,0,0],[111833.333333333,1,0]],"sectionBeats":4,"gfSection":false,"bpm":150},{"changeBPM":false,"altAnim":false,"mustHitSection":true,"typeOfSection":0,"sectionNotes":[[112000,3,0],[112166.666666667,3,0],[112333.333333333,2,0],[112666.666666667,0,0],[113000,2,0]],"sectionBeats":4,"gfSection":false,"bpm":150},{"changeBPM":false,"altAnim":false,"mustHitSection":true,"typeOfSection":0,"sectionNotes":[[113333.333333333,1,0],[113500,1,0],[113666.666666667,0,0],[113833.333333333,3,0],[114000,3,210],[114333.333333333,2,210]],"sectionBeats":4,"gfSection":false,"bpm":150},{"changeBPM":false,"altAnim":false,"mustHitSection":true,"typeOfSection":0,"sectionNotes":[[114666.666666667,0,0],[114833.333333333,1,0],[115000,3,0],[115166.666666667,1,0],[115333.333333333,2,0],[115500,0,0],[115666.666666667,1,0],[115833.333333333,3,0]],"sectionBeats":4,"gfSection":false,"bpm":150},{"changeBPM":false,"altAnim":false,"mustHitSection":true,"typeOfSection":0,"sectionNotes":[[116000,2,210],[116333.333333333,0,210],[116666.666666667,1,210],[117000,3,210]],"sectionBeats":4,"gfSection":false,"bpm":150},{"changeBPM":false,"altAnim":false,"mustHitSection":false,"typeOfSection":0,"sectionNotes":[[117333.333333333,4,546],[117333.333333333,0,0],[117500,1,0],[117666.666666667,3,0],[117833.333333333,0,0],[118000,2,0],[118166.666666667,0,0],[118333.333333333,3,0],[118500,2,0]],"sectionBeats":4,"gfSection":false,"bpm":150},{"changeBPM":false,"altAnim":false,"mustHitSection":false,"typeOfSection":0,"sectionNotes":[[118666.666666667,0,0],[118833.333333333,3,0],[119000,0,0],[119166.666666667,1,0],[119333.333333333,2,0],[119500,1,0],[119666.666666667,2,0],[119833.333333333,1,0]],"sectionBeats":4,"gfSection":false,"bpm":150},{"changeBPM":false,"altAnim":false,"mustHitSection":false,"typeOfSection":0,"sectionNotes":[[120000,0,0],[120166.666666667,3,0],[120333.333333333,2,0],[120500,1,0],[120666.666666667,3,0],[120833.333333333,0,0],[121000,1,0],[121166.666666667,2,0]],"sectionBeats":4,"gfSection":false,"bpm":150},{"changeBPM":false,"altAnim":false,"mustHitSection":false,"typeOfSection":0,"sectionNotes":[[121333.333333333,3,0],[121500,2,0],[121666.666666667,3,0],[121833.333333333,2,0],[122000,0,0],[122166.666666667,1,0],[122333.333333333,0,0],[122500,1,0]],"sectionBeats":4,"gfSection":false,"bpm":150},{"changeBPM":false,"altAnim":false,"mustHitSection":false,"typeOfSection":0,"sectionNotes":[[122666.666666667,3,0],[122833.333333333,3,0],[123000,2,0],[123333.333333333,0,0],[123666.666666667,2,0]],"sectionBeats":4,"gfSection":false,"bpm":150},{"changeBPM":false,"altAnim":false,"mustHitSection":false,"typeOfSection":0,"sectionNotes":[[124000,1,0],[124166.666666667,1,0],[124333.333333333,0,0],[124500,3,0],[124666.666666667,3,210],[125000,2,210]],"sectionBeats":4,"gfSection":false,"bpm":150},{"changeBPM":false,"altAnim":false,"mustHitSection":false,"typeOfSection":0,"sectionNotes":[[125333.333333333,0,0],[125500,1,0],[125666.666666666,3,0],[125833.333333333,1,0],[126000,2,0],[126166.666666666,0,0],[126333.333333333,1,0],[126500,3,0]],"sectionBeats":4,"gfSection":false,"bpm":150},{"changeBPM":false,"altAnim":false,"mustHitSection":false,"typeOfSection":0,"sectionNotes":[[126666.666666666,2,210],[127000,0,210],[127333.333333333,1,210],[127666.666666666,3,210]],"sectionBeats":4,"gfSection":false,"bpm":150},{"changeBPM":false,"altAnim":false,"mustHitSection":true,"typeOfSection":0,"sectionNotes":[[128000,0,0],[128166.666666667,1,0],[128333.333333333,3,0],[128500,0,0],[128666.666666667,2,0],[128833.333333333,0,0],[129000,3,0],[129166.666666667,2,0],[128000,4,966]],"sectionBeats":4,"gfSection":false,"bpm":150},{"changeBPM":false,"altAnim":false,"mustHitSection":true,"typeOfSection":0,"sectionNotes":[[129333.333333333,0,0],[129500,3,0],[129666.666666667,0,0],[129833.333333333,1,0],[130000,2,0],[130166.666666667,1,0],[130333.333333333,2,0],[130500,1,0]],"sectionBeats":4,"gfSection":false,"bpm":150},{"changeBPM":false,"altAnim":false,"mustHitSection":true,"typeOfSection":0,"sectionNotes":[[130666.666666667,0,0],[130833.333333333,3,0],[131000,2,0],[131166.666666667,1,0],[131333.333333333,3,0],[131500,0,0],[131666.666666667,1,0],[131833.333333333,2,0]],"sectionBeats":4,"gfSection":false,"bpm":150},{"changeBPM":false,"altAnim":false,"mustHitSection":true,"typeOfSection":0,"sectionNotes":[[132000,3,0],[132166.666666667,2,0],[132333.333333333,3,0],[132500,2,0],[132666.666666667,0,0],[132833.333333333,1,0],[133000,0,0],[133166.666666667,1,0]],"sectionBeats":4,"gfSection":false,"bpm":150},{"changeBPM":false,"altAnim":false,"mustHitSection":true,"typeOfSection":0,"sectionNotes":[[133333.333333333,3,0],[133500,3,0],[133666.666666667,2,0],[134000,0,0],[134333.333333333,2,0]],"sectionBeats":4,"gfSection":false,"bpm":150},{"changeBPM":false,"altAnim":false,"mustHitSection":true,"typeOfSection":0,"sectionNotes":[[134666.666666667,1,0],[134833.333333333,1,0],[135000,0,0],[135166.666666667,3,0],[135333.333333333,3,210],[135666.666666667,2,210]],"sectionBeats":4,"gfSection":false,"bpm":150},{"changeBPM":false,"altAnim":false,"mustHitSection":true,"typeOfSection":0,"sectionNotes":[[136000,0,0],[136166.666666667,1,0],[136333.333333333,3,0],[136500,1,0],[136666.666666667,2,0],[136833.333333333,0,0],[137000,1,0],[137166.666666667,3,0],[137000,4,0],[137166.666666667,5,0]],"sectionBeats":4,"gfSection":false,"bpm":150},{"changeBPM":false,"altAnim":false,"mustHitSection":true,"typeOfSection":0,"sectionNotes":[[137333.333333333,2,210],[137666.666666666,0,210],[138000,1,210],[138333.333333333,3,210],[137333.333333333,6,208.333333333333],[137666.666666667,7,208.333333333333],[138000,4,208.333333333333],[138333.333333333,5,208.333333333333]],"sectionBeats":4,"gfSection":false,"bpm":150},{"changeBPM":false,"altAnim":false,"mustHitSection":true,"typeOfSection":0,"sectionNotes":[[138666.666666667,0,1134],[138666.666666667,7,840],[138666.666666667,4,1041.66666666667,"GF Sing"],[139833.333333333,5,0,"GF Sing"]],"sectionBeats":4,"gfSection":false,"bpm":150},{"changeBPM":false,"altAnim":false,"mustHitSection":false,"typeOfSection":0,"sectionNotes":[[140166.666666667,1,0],[140500,2,208.333333333333],[140458.333333333,3,0],[140833.333333333,1,0],[141000,3,0],[141166.666666667,2,0]],"sectionBeats":4,"gfSection":true,"bpm":150},{"changeBPM":false,"altAnim":false,"mustHitSection":false,"sectionNotes":[[141333.333333333,0,917],[142500,1,0]],"typeOfSection":0,"sectionBeats":4,"gfSection":true,"bpm":180},{"changeBPM":false,"altAnim":false,"mustHitSection":false,"sectionNotes":[[142833.333333333,1,0],[143166.666666667,2,208.333333333333],[143125,3,0],[143500,1,0],[143666.666666667,3,0],[143833.333333333,1,0]],"typeOfSection":0,"sectionBeats":4,"gfSection":true,"bpm":180},{"changeBPM":false,"altAnim":false,"mustHitSection":false,"sectionNotes":[[144000,0,1042],[145166.666666667,1,0]],"typeOfSection":0,"sectionBeats":4,"gfSection":true,"bpm":180},{"changeBPM":false,"altAnim":false,"mustHitSection":false,"sectionNotes":[[145500,1,0],[145833.333333333,2,208.333333333333],[145791.666666667,3,0],[146166.666666667,1,0],[146333.333333333,3,0],[146500,2,0]],"typeOfSection":0,"sectionBeats":4,"gfSection":true,"bpm":180},{"changeBPM":false,"altAnim":false,"mustHitSection":false,"sectionNotes":[[146666.666666667,0,875.333333333333],[147666.666666667,1,0],[147833.333333333,3,0]],"typeOfSection":0,"sectionBeats":4,"gfSection":true,"bpm":180},{"changeBPM":false,"altAnim":false,"mustHitSection":false,"sectionNotes":[[148166.666666667,1,0],[148500,2,208.333333333333],[148458.333333333,3,0],[148833.333333333,1,0],[149000,3,0],[149166.666666667,0,0]],"typeOfSection":0,"sectionBeats":4,"gfSection":true,"bpm":180},{"changeBPM":false,"altAnim":false,"mustHitSection":false,"sectionNotes":[[149333.333333333,2,1042],[150500,1,0]],"typeOfSection":0,"sectionBeats":4,"gfSection":true,"bpm":180},{"changeBPM":false,"altAnim":false,"mustHitSection":false,"sectionNotes":[[150833.333333333,1,0],[151166.666666667,2,208.333333333333],[151125,3,0],[151500,1,0],[151666.666666667,3,0],[151833.333333333,2,0]],"typeOfSection":0,"sectionBeats":4,"gfSection":true,"bpm":180},{"changeBPM":false,"altAnim":false,"mustHitSection":false,"sectionNotes":[[152000,0,875.333333333333],[153000,1,0],[153166.666666667,3,0]],"typeOfSection":0,"sectionBeats":4,"gfSection":true,"bpm":180},{"changeBPM":false,"altAnim":false,"mustHitSection":false,"sectionNotes":[[153500,1,0],[153833.333333333,2,208.333333333333],[153791.666666667,3,0],[154166.666666667,1,0],[154333.333333333,3,0],[154500,0,0]],"typeOfSection":0,"sectionBeats":4,"gfSection":true,"bpm":180},{"changeBPM":false,"altAnim":false,"mustHitSection":false,"sectionNotes":[[154666.666666667,2,1042],[155833.333333333,1,0]],"typeOfSection":0,"sectionBeats":4,"gfSection":true,"bpm":180},{"changeBPM":false,"altAnim":false,"mustHitSection":false,"sectionNotes":[[156166.666666667,1,0],[156500,2,208.333333333333],[156458.333333333,3,0],[156833.333333333,1,0],[157000,3,0],[157166.666666667,2,0]],"typeOfSection":0,"sectionBeats":4,"gfSection":true,"bpm":180},{"changeBPM":false,"altAnim":false,"mustHitSection":false,"sectionNotes":[[157333.333333333,0,875.333333333333],[158333.333333333,1,0],[158500,3,0]],"typeOfSection":0,"sectionBeats":4,"gfSection":true,"bpm":180},{"changeBPM":false,"altAnim":false,"mustHitSection":false,"sectionNotes":[[158833.333333333,1,0],[159166.666666667,2,208.333333333333],[159125,3,0],[159500,1,0],[159666.666666667,3,0],[159833.333333333,0,0]],"typeOfSection":0,"sectionBeats":4,"gfSection":true,"bpm":180},{"changeBPM":false,"altAnim":false,"mustHitSection":false,"sectionNotes":[[160000,2,1417]],"typeOfSection":0,"sectionBeats":4,"gfSection":true,"bpm":180},{"changeBPM":false,"altAnim":false,"mustHitSection":false,"sectionNotes":[],"typeOfSection":0,"sectionBeats":4,"gfSection":true,"bpm":180},{"changeBPM":false,"altAnim":false,"mustHitSection":false,"sectionNotes":[],"typeOfSection":0,"sectionBeats":4,"gfSection":true,"bpm":180},{"changeBPM":false,"altAnim":false,"mustHitSection":false,"sectionNotes":[],"typeOfSection":0,"sectionBeats":4,"gfSection":true,"bpm":180},{"changeBPM":false,"altAnim":false,"mustHitSection":false,"sectionNotes":[],"typeOfSection":0,"sectionBeats":4,"gfSection":true,"bpm":180},{"changeBPM":false,"altAnim":false,"mustHitSection":false,"sectionNotes":[],"typeOfSection":0,"sectionBeats":4,"gfSection":true,"bpm":180}],"player1":"lonliMC","stage":"insomnia","player2":"duskyMC","gfVersion":"k3mc","events":[[0,[["se","icons_angle","0"],["Set Property","iconP1.angle","0"],["Set Property","iconP2.angle","0"]]],[5333.33333333333,[["bar thing","2","Original Song;by bbpanzu;6cbc4a"],["bar thing","",""],["Cam Zoom","1.05",""]]],[8000,[["bar thing","2","Visuals & Cover;by LonliHH;4b4b93"]]],[10250,[["bar thing","1",""]]],[10583.3333333333,[["se","camThing","1"]]],[10666.6666666667,[["Cam Zoom","0.85",""]]],[12000,[["bar thing","3",""]]],[20666.6666666667,[["Cam Zoom","1",""]]],[21250,[["Cam Beat","2",""]]],[21333.3333333333,[["Cam Zoom","0.9",""]]],[31333.3333333333,[["Play Animation","vibe","Dad"]]],[31500,[["Play Animation","vibe","Dad"],["Add Camera Zoom","",""]]],[31666.6666666667,[["Play Animation","vibe","Dad"],["Add Camera Zoom","",""]]],[31916.6666666667,[["se","icons_angle","15"]]],[32000,[["Cam Zoom","0.8",""]]],[41333.3333333333,[["Cam Zoom","0.85",""]]],[42666.6666666667,[["Cam Zoom","0.8",""]]],[52333.3333333334,[["Cam Zoom","0.85",""]]],[52666.6666666667,[["Cam Zoom","0.9",""]]],[53000,[["Cam Zoom","0.95",""]]],[53250,[["Cam Beat","1","0.010,0.025"]]],[53333.3333333334,[["Cam Zoom","0.8",""]]],[63333.3333333334,[["Play Animation","vibe","Dad"]]],[63500,[["Play Animation","vibe","Dad"]]],[63666.6666666667,[["Play Animation","vibe","Dad"]]],[64000,[["Cam Zoom","0.95",""]]],[73250,[["Cam Beat","0",""]]],[73333.3333333334,[["Cam Zoom","1.05",""]]],[74583.3333333334,[["Cam Beat","1","0.010,0.025"]]],[74666.6666666667,[["Cam Zoom","0.8",""]]],[94583.3333333333,[["Cam Beat","2",""]]],[94666.6666666666,[["Cam Zoom","1",""]]],[95333.3333333333,[["Play Animation","vibe","Dad"],["se","camThing_force","dad,5"]]],[95499.9999999999,[["Play Animation","vibe","Dad"]]],[95666.6666666666,[["Play Animation","vibe","Dad"]]],[95916.6666666666,[["Cam Beat","1",""]]],[95999.9999999999,[["Cam Zoom","0.8",""]]],[105333.333333333,[["Cam Zoom","0.85",""]]],[106000,[["Play Animation","vibe","Dad"]]],[106166.666666667,[["Play Animation","vibe","Dad"]]],[106333.333333333,[["Play Animation","vibe","Dad"]]],[106666.666666667,[["Cam Zoom","0.8",""]]],[116000,[["Cam Zoom","0.85",""]]],[116666.666666667,[["Play Animation","vibe","Dad"]]],[116833.333333333,[["Play Animation","vibe","Dad"]]],[117000,[["Play Animation","vibe","Dad"]]],[117333.333333333,[["Cam Zoom","0.8",""]]],[126666.666666666,[["Cam Zoom","0.85",""]]],[127333.333333333,[["Play Animation","vibe","Dad"]]],[127500,[["Play Animation","vibe","Dad"]]],[127666.666666666,[["Play Animation","vibe","Dad"]]],[128000,[["Cam Zoom","0.8",""]]],[137333.333333333,[["Cam Zoom","0.85",""]]],[137666.666666667,[["Cam Zoom","0.9",""]]],[138000,[["Play Animation","vibe","Dad"],["Cam Zoom","0.95",""]]],[138166.666666667,[["Play Animation","vibe","Dad"]]],[138333.333333333,[["Play Animation","vibeHorn","Dad"],["Cam Zoom","1",""]]],[138583.333333333,[["Cam Beat","2",""]]],[138645.833333333,[["se","camThing",""]]],[138666.666666667,[["se","k3strumsIn",""],["Cam Zoom","1.45","2.85"],["Camera Follow Pos","450.5","0"]]],[159916.666666667,[["Cam Beat","0",""]]],[160000,[["Cam Zoom","0.85","1"]]]],"bpm":180,"speed":2.65}}